"politician","Actor","Singer","Content_Creator","Sports","Education"
"@ScottMorrisonMP","@sagaftra","@AliZafarsays","@pokimanelol","@stevesmith49","@LeedsHospitals"
"@CanadianPM","@ActorsEquity","@twilitekid","@neekolul","@Tomlatham2","@wuthnhs"
"@ImranKhanPTI","@TheAcademy","@kingssingers","@ValorLeaks","@TheCricketerMag","@NSTA"
"@narendramodi","@TheActorsFund","@MaskedSingerFOX","@SuperSaf","@iramizraja","@BTHFT"
"@JustinTrudeau","@BTVA","@BBCSingers","@NyanNyanners","@ACA_Players","@BlackpoolHosp"
"@SwedishPM","@SAGawards","@LatinGRAMMYs","@FurqanShayk","@WisdenAlmanack","@HullHospitals"
"@IsraeliPM","@TheTonyAwards","@yunamusic","@RiotCreatorSupp","@KazmiWajahat","@hitRECordJoe"
"@BorisJohnson","@goldenglobes","@iamjojo","@HappyPower","@IrishCricketers","@SheffieldHosp"
"@cafreeland","@CBGActors","@rmayemsinger","@elgato","@Sarah_Taylor30","@TeachingLC"
"@10DowningStreet","@siima","@thecavesingers","@Vikkstar123","@gradecricketer","@DBH_NHSFT"
"@PakPMO","@SaturnAwards","@Bsinger51","@EXXXOTICA","@CricketersTrust","@HumberNHSFT"
"@theresa_may","@IIFA","@singervehicles","@ManyVids","@Heatherknight55","@TeachAids"
"@leehsienloong","@BrindaPrasad1","@maskedsinger_au","@Nihaachu","@KevinOBrien113","@aitsl"
"@DeputyPM_Canada","@iwanrheon","@SINGERCO","@Amouranth","@poonam_yadav24","@getintoteaching"
"@stephenharper","@avnawards","@corneillemusic","@DavidHenrie","@WolfgangYoung","@LancsHospitals"
"@PMEthiopia","@SullivanTweet","@MaskedSingerUK","@adventuregirl","@MHasnainPak","@sthknhs"
"@Statsmin_kontor","@nicosantos","@croon1","@akoposimarcelo","@CBarrett19","@michaelehanson"
"@PrimeMinisterEn","@CriticsChoice","@RealAlexPreston","@Swagg","@nicholas_47","@alibaba_cloud"
"@thepmo","@InterActors","@TomMarshall111","@JonRothstein","@GautamGambhir","@Doki_R6"
"@TurnbullMalcolm","@Actor_Siddharth","@AlusOfficial","@aa9skillz","@ImRaina","@AmeerHmzX"
"@RailaOdinga","@actor_nithiin","@singer_shaan","@boomtv","@harbhajan_singh","@ShaunT"
"@MinPres","@actor_jayamravi","@TeniEntertainer","@LuluLuvely","@VVSLaxman281","@sgblank"
"@jacindaardern","@Karthi_Offl","@FarOutAkhtar","@sarahlugor","@ashwinravi99","@thejeffreymarsh"
"@PM_nepal_","@sooriofficial","@BennysMusic","@SMii7Y","@ivivianrichards","@tabathacoffey"
"@Xavier_Bettel","@DarkoPericActor","@IamChrisMann","@AmazonAssociate","@benstokes38","@SharonSalzberg"
"@tsheringtobgay","@actor_Nikhil","@TheUSASingers","@AriaSaki","@hardikpandya7","@psychicmediumje"
"@PremierRP_en","@Gregory_Austin","@RichardWalters","@OpTic_BigTymeR","@therealkapildev","@ramboray"
"@AndrewHolnessJM","@Prasanna_actor","@singersrinivas","@TylerTeeP","@KumarSanga2","@mollymotoole"
"@FijiPM","@STU_ACTOR","@mikenolanfizz","@Jesser","@klrahul11","@gcouros"
"@grantrobertson1","@LammanRucker","@robbieglover","@Froggen","@MishiAmit","@limlouisa"
"@StefanishynaO","@Actor_Jai","@camronmitchell","@hotted89","@BhuviOfficial","@DrStevenJLawson"
"@OPMUganda","@BillyBoydActor","@ShehzadRoy","@SirActionSlacks","@imkuldeep18","@sitepointdotcom"
"@winstonpeters","@BethGrantActor","@VedoTheSinger","@CharlieRivkin","@ImIshant","@uoregon"
"@pmc_gov_au","@ActorKartikeya","@falamb3","@TravisGafford","@surya_14kumar","@RyanTAnd"
"@RobinahNabbanja","@Actor_Amritha","@Sukhbir_Singer","@HusKerrs","@ShubmanGill","@ChristiLukasiak"
"@Kabmin_UA_e","@TeamRomany","@singernews","@MOLT_YT","@yuzi_chahal","@imperialcollege"
"@SkerritR","@JMunozActor","@Bilalsaeedmusic","@iGumdrop","@JadhavKedar","@pollyirungu"
"@SrilankaPMO","@actorprepares","@ramonasinger","@KaiCenat","@SarfarazA_54","@UniMelb"
"@opmthebahamas","@KalaiActor","@AdamSinger","@Drift0r","@AaronFinch5","@GameHistoryOrg"
"@fiji_opm","@dinkardeepak","@PeterASinger","@CallMeAgent00","@cheteshwar1","@BelferCenter"
"@annclarav","@Actor_Krishna","@mattsinger","@ScooterMagruder","@mandeeps12","@teacherhead"
"@GiuseppeConteIT","@ItsActorNaresh","@CahnEmily","@LordMinion777","@Eoin16","@SchoofsFeed"
"@HelenGrantMP","@JoshGrelle","@singer_karthik","@Jonsandman","@StuartBroad8","@iste"
"@ChiefSciAdvisor","@AjazkhanActor","@Sreeram_singer","@ZLaner","@DavidMillerSA12","@oiioxford"
"@MnicaLisboa3","@actor_morla","@grant_singer","@ChristineBBabao","@DineshKarthik","@Doug_Lemov"
"@chedetofficial","@IllinoisActor","@iDinoAli","@Randumb","@ajinkyarahane88","@QifaNabki"
"@PMOIndia","@MikeParrActor","@danielsinger","@itsandreabotez","@y_umesh","@OfficialUoM"
"@VNarayanasami","@Actor_Friend","@msinger","@AlanJohnson","@davidwarner31","@vincentdignan"
"@PrimeministerGR","@RachelNichols1","@geethasinger","@PrestigeIsKey","@imShard","@leeerob"
"@jyrkikatainen","@BrianHoweActor","@TuttleSinger","@jimmywhis","@im_manishpandey","@dalalmawad"
"@telfordk","@LewTempleActor","@RobertaBSinger","@BeerBicepsGuy","@faf1307","@ToddWhitaker"
"@JuliaGillard","@ActorSatyaDev","@CorySings","@Thiefs","@jbairstow21","@teacher2teacher"
"@RichardGrahamUK","@ActorPeterNew","@alsinger","@snoopeh","@JamesFaulkner44","@ChrisDStedman"
"@IsraeliPM_heb","@Actor_Mahendran","@oliviasinger","@nianaguerrero","@Shah64Y","@ivanamilicevic"
"@LaurentLamothe","@_deyemi","@SingerHanaa","@JoeDeLuca","@TamimOfficial28","@UBC"
"@MaltaGov","@LisaGeorgeActor","@WaseyNaik","@LukeCutforth","@Jaspritbumrah93","@UofAlabama"
"@primeministerkz","@LuisARamosActor","@lh_singer","@PrinceEa","@dmalan29","@mattwaite"
"@MAKadhimi","@ActorAliReza","@JeanValjenny","@Pimp_CSGO","@root66","@camillefrancois"
"@David_Cameron","@KateSpeakActor","@Jonny_Singer","@NiceWigg","@lynny50","@giselilla"
"@Kantei_Saigai","@brentmukai","@DarthJeff90","@dulcecandy","@ravibopara","@kiddkenn"
"@ThaksinLive","@KennyIBoyle","@sarahsinger","@velvetescape","@imK_Ahmed13","@BlavatnikSchool"
"@BakhtawarBZ","@thangadurai123","@cardiffsinger","@MahmoudMahdy","@M_IrfanOfficial","@bramk"
"@HelenClarkNZ","@ActorRahulVijay","@SteveSinger10","@C9EmZ","@Sundarwashi5","@Lexual__"
"@AbiyAhmedAli","@akhillmishraa","@TorriSingerNews","@City_Xtra","@Martyguptill","@JuanMaBenitez"
"@MBA_AlThani_","@pinkyp_actor","@MaryBlackSinger","@StephanieYeboah","@krunalpandya24","@eu_schoolnet"
"@JPN_PMO","@RichardsActor","@Dalesinger","@Pala","@mayankcricket","@MediaLSE"
"@FerdiGiugliano","@ActorGokul","@ScottSingerUSA","@ProoFJC","@chriswoakes","@WUSTLmed"
"@cabinetofficeuk","@SBlakemoreActor","@AdamBrockSings","@BdoubleO100","@Wriddhipops","@scholasticuk"
"@PresRajapaksa","@IanKelseyActor","@JoshySinger","@TheSommerset","@Mahmudullah30","@SylviediGiusto"
"@GordonBrown","@KeithArem","@Reid_Singer","@GaladonGaming","@Hanumavihari","@WinPhanKyle"
"@GovernmentRF","@LexLang","@JeremySinger","@TheZombiUnicorn","@finnysteve","@TCRWP"
"@Enver_Hoxhaj","@FinnLittleActor","@ManojTiwariMP","@Bigbst4tz2","@Angelo69Mathews","@UniofBath"
"@johnprescott","@thekennyleu","@JohnSteelSinger","@Saad_Alsmari","@VDP_24","@juliastmi"
"@MohamedHRoble","@ASJ_Actor","@GoldenMelody","@ZwebackHD","@ishankishan51","@AkshayaSays"
"@godolphin","@SanderActor","@oO0Eve0Oo","@nellarose","@VarunAaron","@DocsTeach"
"@ernkrans","@NakusetGould","@TheXFactor","@nemesis_lol","@NitishRana_27","@Ana3rabeya"
"@qubadjt","@TomPriorActor","@miikesinger","@AussieAntics","@Ian_Bell","@amolmuzumdar11"
"@dreynders","@RichardGabai","@maiamusical","@samanthamaria","@jamestaylor20","@captwildbill"
"@RW_UNP","@Actor_Vivek","@official_jinu_","@LexMobileGaming","@AnamulOfficial","@iancapstick"
"@IsabellaLovin","@irrfank","@Imrankhanworld","@Nokokopuffs","@vijayshankar260","@frankbi"
"@Sophie_Wilmes","@ActorLeeMinHo","@MonicaDenise","@AverageJoeWo","@sandeep25a","@cherylwt"
"@PrimeMinister_K","@KingBach","@iamlp","@TheBestAkaliEvr","@patcummins30","@simonwiesenthal"
"@NikolPashinyan","@Academiadecine","@paponmusic","@KrissyAchino","@AlexHales1","@nathanfletcher"
"@HaiderAlAbadi","@NAMOOACTORS2004","@MaskSingerA3","@MaggieFurlong","@ShreyasIyer15","@DoDEA"
"@aminattock","@VJURWA","@JamesMorrisonOK","@TeaWap","@mvj888","@rotmanschool"
"@PrimeMinisterKR","@FANGORIA","@julissamusic","@SuperRed","@ImMananVohra","@UlsterUni"
"@jonasgahrstore","@iamjamiefoxx","@DurbinRock","@HashtagSports","@thiri66","@mediawise"
"@Morrison","@RaminSetoodeh","@TheRealKano","@Xmiramira","@shreevats1","@lborouniversity"
"@DemekeHasen","@TheGabrielle_C","@MetOpera","@Electra","@Kyle_Abbott87","@Usherwood"
"@masrour_barzani","@Leobiteco","@KayaJones","@missandrealewis","@WayneParnell","@lauraelizdavis"
"@Palazzo_Chigi","@ArmeenaRK","@christiandmusic","@DiazBiffle","@deepak_chahar9","@NickWinkelman"
"@BilleneSeyoum","@ROSHON","@DanB","@FaZe_Kitty","@PrithviShaw","@LancasterUni"
"@FitIndiaOff","@NJLahori","@schultemusic","@Sceptic","@SaluteCotterell","@radiosmith"
"@RebeccaKadagaUG","@PhilNobileJr","@AndTheWriterIs","@breebunn","@Sandeep25","@tcddublin"
"@kantei","@tx_byplayers","@Rahim_TheDream","@Apathy_BZ","@IamAbhiSharma4","@GAlexander21"
"@Pabriks","@JuggunKazim","@almacyber","@paolobediones","@SuzieWBates","@maryvale"
"@arslankhalid_m","@GregAlanW","@SteveOsunsami","@BaconDonutTV","@mdsirajofficial","@CarrCenter"
"@PMBhutan","@iamhumayunsaeed","@charlottelawr","@Logdotzip","@Jaseholder98","@CAMHnews"
"@PrimatureRwanda","@falamb3","@BriaandChrissy","@MalystryxGDS","@dhawal_kulkarni","@MakerEdOrg"
"@miaamormottley","@AJJtheBand","@paulwrightmusic","@seangarrette","@devdpd07","@AlistairBegg"
"@MeghaSPrasad","@EricXWest","@ElevenPastOne","@Xposed","@JasonRoy20","@TuftsMedicalCtr"
"@fslsltn","@ActorHaein","@mccoodavis","@GhostNinja","@RayuduAmbati","@WilliamBaude"
"@sajeebwazed","@actor_satojiro","@SoundBetterNow","@JulesLund","@ahealy77","@saba_h"
"@ofirgendelman","@alexander_jyan","@tamburintweets","@FaZeBooya","@gowthamyadav88","@Macquarie_Uni"
"@BoykoBorissov","@FNC_ACTOR","@MaskedSingerBR","@AsherMonroe","@CurranSM","@WatsonInstitute"
"@AKimCampbell","@MaRaineyFilm","@horsemusic","@NOMADasaurus","@navdeepsaini96","@RealBanny"
"@AmamaMbabazi","@Actor_Yeo","@30AFest","@TheBlackHokage","@HerathRSL","@ELmagazine"
"@RuhakanaR","@HorrorGirlProbs","@DaysHayes","@ShivFPS","@CJordan","@FrequentMiler"
"@IvisonJ","@ClintonGlobal","@JordanHillMusic","@daltoosh","@iamanmolpreet28","@JKFilms"
"@POSHAN_Official","@ImPuneetIssar","@natoperastudio","@MrBossFTW","@MccullumNathan","@priyakkumar"
"@anujdhar","@HamdyActor","@BlackFeathersUK","@LiamTWiiN","@AshwinMurugan8","@UKParlEducation"
"@desdelamoncloa","@JGshock","@fullforceworld","@OfficialAlBSure","@Rileerr","@sonipaul"
"@HelleThorning_S","@ActuallyRafa","@TheItalianTenor","@EvolvedTalent","@rahultewatia02","@UMassBoston"
"@kajakallas","@SebastianMActor","@bobmarks","@JaredFPS","@54simmo","@OakNational"
"@AnuradhaKHerath","@Newgrounds","@TheIrishRovers","@superscientific","@thisisbrar","@gabbfern"
"@MichealMartinTD","@AdrianoActor","@jsvine","@RageElixir","@rinkusingh235","@ceu"
"@AdamScotti","@TheOnlyDJQualls","@Lolita_Singer","@TSM_Albralelie","@GbNaib","@LennRobbins"
"@FinGovernment","@bonniegillespie","@hiroakikato39","@viralbhayani77","@MarkandeMayank","@scientix_eu"
"@GharibashviliGe","@trekonlinegame","@sarhaider","@mypaleskinblog","@megan_schutt","@UCLurbanlab"
"@SerbianPM","@ActorAs3d","@theRealEsthero","@kaquka","@kylemills79","@hil_fung"
"@TaaviRoivas","@OfficialRita","@Bhavna__B","@Vladyslava_Z","@ishan_ip55","@Carleton_U"
"@razak_dawood","@ACTRAToronto","@SingerAmar","@Elamite","@ShivamMavi23","@thebeenster"
"@H_D_Devegowda","@SAGindie","@fsingerf","@Co1azo","@ehsanadil007","@OxHumanities"
"@SwannyQLD","@guildhallschool","@SingerAkane","@diegosaurs","@ABDULSAMAD___1","@Karin_Kneissl"
"@KhadarGulaid","@JuanDavilaActor","@MaskedSingerGER","@ChantayyJayy","@IAmIsuru17","@MeghanEMorris"
"@IngridaSimonyte","@Rialisms","@Tama_singer","@alter_jamie","@sohaibcricketer","@Felienne"
"@PMTigersForcePK","@ManishC_Actor","@Aminabuddafly","@danicalo","@FabianAllen338","@TESOL_Assn"
"@AonAbbasPTI","@actorGabriellee","@FloorJansen_","@Rated_COD","@prabhsimran01","@FlatironSchool"
"@DPMPhamBinhMinh","@aquimir","@layzhang","@GTWScar","@Kamleshnagark13","@BriannaNHolt"
"@FawziaYusufAdam","@logcluster","@curtisstigers","@GadgetsBoy","@sharmakarn03","@usask"
"@norishikata","@rishipuff","@SOFIofficial","@julietibrahim","@LalitYadav03","@BrentO"
"@suzannebernert","@ActorVarun","@sherinasinna","@JZR","@yashasvi_j","@PremierRadio"
"@albinkurti","@thecollective","@IAMQUEENLATIFAH","@Itshaber","@IamShivamDube","@rossgarber"
"@CamCavendish","@fullforceworld","@NeYoCompound","@Jameskii","@ParagRiyan","@ShirleyWang"
"@MarkRegev","@KingsOfCon","@afgan___","@SkySportsDavid","@NalkandeDarshan","@Ponomariov"
"@meamandamealing","@harrisondsmith","@anirudhofficial","@Jukeyz","@Avesh_6","@SchoolofRockUSA"
"@krisjaniskarins","@QCODEmedia","@TomTolesToons","@KinseyGrant","@CPL","@amcauce"
"@IraqiPMO","@meirajhaq","@AbbyTrott","@mamabenjyfishy","@shashank2191","@YNHH"
"@DrShtayyeh","@michaelmohan","@ashabhosle","@Crispy","@PCA","@kumaraishwarya"
"@DZalkaliani","@DonSaladino","@sjhsjh0628","@Shwirtz","@AnujRawat_1755","@Julie_rodgers"
"@mihretum","@CivCenter","@juliefowlis","@Neslo","@RaunakRK","@StirUni"
"@Stuckey2","@DylanTaylorEh","@MikaSingh","@ItsPeetahBread","@heathmmills","@NatComm"
"@AliH_Allawi","@CartelHQ","@LaurenJauregui","@agadmator","@vinodkambli349","@MassEyeAndEar"
"@chrisfearne","@SelectedShorts","@TheMandyMoore","@Ryan_Deitsch","@ImZaheer","@davidrsmyth"
"@kerenhajioff","@FutureAfriForum","@samuelmilby","@RyanJosephHart","@Todd_Greenberg","@RecoveryAnswers"
"@motomatano","@HypochonActor","@JordinSparks","@WorldofKeralis","@ProCoachCricket","@BoltonUni"
"@PrimeMinistry","@DaysHayes","@bridgitmendler","@EmmaCB_","@Matthenry014","@EJWalters"
"@PMOAJK","@AudereTalent","@markhoppus","@Snubs","@AlistairNichol6","@MacmillanELT"
"@ediramaal","@Haven_Studio","@YengPLUGGEDin","@JeannetteKaplun","@parthiv9","@ABRSM"
"@farooq_pm","@Johnson_Laird","@MirandaSings","@AshleyBlaine","@imAagarkar","@ImperialMed"
"@MOALIMUU","@ActorDanielPolo","@BrotherSu","@Pokay__","@sherryontopp","@DavidJSkorton"
"@RoTeimumuKepa","@anniewallace","@HilaryDuff","@randomfrankp","@KamiAkmal23","@Jonathan_Worth"
"@MorawieckiM","@TheBakerTwins","@TEYANATAYLOR","@MomSpark","@doddaganesha","@natashahwrites"
"@Abidsuleri","@FLDBrussels","@SunidhiChauhan5","@EpicVoiceGuy","@REALsaeedajmal","@becksup"
"@ChefGov_ma","@Eugeniakuzmina1","@liannelahavas","@TheAMaazing","@Swannyg66","@cdechalus"
"@VShastri_INC","@UNDP_TheGambia","@annhcallaway","@VGBC_GimR","@danchristian54","@u_nebraska"
"@CleanGreenPK","@AtlanticActing","@NeilNMukesh","@talwar_puja","@markbutcher72","@chakraview"
"@haydencooper","@ElvisGoesThere","@ThisIsDSP","@ivanlapanje","@kartikmurali","@GirlGeekAcademy"
"@KassimMajaliwa_","@FamaNelMondo","@MrPeterAndre","@AliusPardius","@TomMoodyCricket","@Leic_hospital"
"@EACtoPM","@JoeSims10","@deelestari","@VeD_DeV","@MohammadKaif","@USPTA_Tennis"
"@HMDessalegn","@LeonhartYT","@Shankar_Live","@SPHEctacula","@jacqueskallis75","@Jason_Reads"
"@DavidColemanMP","@Norihouse","@EstelleDarlings","@GameboyLuke","@Vinay_Kumar_R","@USSC"
"@UmarJavaidJutt","@BeingSalmanKhan","@RitaWilson","@bobqinXD","@rpsingh","@DeKalbSchools"
"@thaigov1","@rickygervais","@RealKylePatrick","@SunlessKhan","@chopraanjum","@GlobalCenters"
"@paulwallbank","@iYogiBabu","@sabzwashington","@luxxbunny","@DGoughie","@EdwinLindo"
"@AbdulqadirARY","@GineokwKoenig","@boden_jon","@JohnnyBoi_i","@holland_tom","@asuth"
"@AvinyanTigran","@layzhang","@chris_kammy","@LeJuan__James","@Mustafiz90","@QFIntl"
"@eduardheger","@JimCarrey","@catrionaelisa","@ultradavid","@AzharAli_","@karimdoumar"
"@StuartRYoung1","@tomhanks","@geofftate","@yuliexe","@WasimJaffer14","@axbom"
"@PMcanadien","@charliesheen","@jaswinderworld","@JustinTse","@akshar2026","@kmatthews"
"@DrArkebe","@juniorbachchan","@brandonsaller","@adishankarbrand","@abhisheknayar1","@aegallagher"
"@leeuwengew","@LeoDiCaprio","@SandraBernhard","@ADAMwontLOSE","@DavidHussey29","@ProvidenceCol"
"@govpt","@sonamakapoor","@RobinMeade","@RealShiina","@MontyPanesar","@RootsDolls"
"@AbdullahiHamud","@AnupamPKher","@xtianbautista","@Gigz","@IrfanPathan","@citizenkrans"
"@alexstubb","@KapilSharmaK9","@MaherZain","@SuperEvan__","@glennmcgrath11","@Givemethelefty"
"@YoshithaR","@MarkRuffalo","@JennyMcCarthy","@NathieVR","@Natarajan_91","@UCNZ"
"@abouthungary","@FarOutAkhtar","@RandyRainbow","@PPMD","@RusselArnold69","@unmc"
"@haradinajramush","@Jon_Favreau","@blackthought","@KronoviRL","@damienmartyn","Sanskrit @ St James"
"@Denys_Shmyhal","@TomCruise","@Kandi","@KrisWilliams","@Athersmike","@WriteEditRepeat"
"@Kabmin_UA","@JENNIZZLES","@NattiNatasha","@AustinJohnPlays","@iamfawadalam25","@CoerverEW"
"@IsaMustafaKS","@Azerrz","@christinaperri","@Thatsportsspice","@MahediHasan_55","@raisazaidi"
"@CassilingamG","@SofiaVergara","@caricevhouten","@tessanetting","@kiesy_22","@ukjetprogramme"
"@oscarlopeztwit","@caitlinsvoice","@TayZonday","@Dat_Saintsfan","@C_Edwards23","@byPeteVernon"
"@JohnBricenoBZE","@urstrulyMahesh","@Mikel_Jollett","@YourPrincess","@Sakariya55","@BucksNewUni"
"@CLoubier","@Jaynesharp","@donovan_hts","@AXECOP","@StewieCricket","@TravisMannon"
"@CommonsLiaison","@edenriegel","@ClaudeKelly","@Diiscc","@DeepDasgupta7","@FranzNicolay"
"@SalihHudayar","@dhanushkraja","@saadlamjarred1","@Heelmike","@sambillings","@jmiu_official"
"@PrimatureHT","@scottmenville","@Shilaamzah","@ZombaeKillz","@mcjnicholas","@UCLA_Law"
"@_wkelly_","@preetikatweets","@Sophie_Choudry","@Maddynf","@LonwaboTsotsobe","@TheRoyalMHC"
"@jbonham_carter","@markwahlberg","@thedavidcrosby","@mortenroyale","@AlexHartley93","@explainevrythng"
"@AliMGedi","@realpreityzinta","@cyndilauper","@LeeAnneLocken","@KirtiAzaad","@HBKidsHospital"
"@anna_tomala","@tylerperry","@theebillyporter","@kookoocryptotv","@ImRahulSharma3","@DrLekhaShree"
"@MDzurinda","@Riteishd","@ishehnaaz_gill","@GrantHinds","@MusicThaman","@RagnarWeilandt"
"@UK_FoRBEnvoy","@IAMQUEENLATIFAH","@jeweljk","@ItsFearItSelf","@pragyanojha","@ElhananMiller"
"@ayazakbar786","@RolondaWatts","@iAmNehaKakkar","@SydWilder","@praveenkumar","@madeline_will"
"@Lauritopias","@geneliad","@SaraSampaio","@woodte","@robkey612","@NickosKitchen"
"@AlEmbDenmark","@GermanLoero","@MsAmberPRiley","@PiaCatton","@robbie13flair","@ArronWood"
"@999Day","@HowardStern","@rogerwaters","@HelenAnderz","@dimimascarenhas","@Soren73"
"@NasraBashiir","@MateusWard","@arnelpineda","@HS_Orange","@Brad_Hogg","@seanrobinson1e4"
"@LVoionmaa","@jackwhitehall","@MollyRingwald","@jayfoley2131","@iamkash_kr","@honeypisquared"
"@UdarOfficial","@brielarson","@DanniiMinogue","@natwithaheart","@purdy34","@juliannewelby"
"@RizwanGhilzai","@DannyDeVito","@AmaalMallik","@tobiigaming","@johnhastings194","@UBCJournalism"
"@TetreaultAJ","@TheSlyStallone","@jeffbernat","@BushmanOnAir","@MAWood33","@ChengBrittany"
"@MSL","@AliLiebert","@martinamcbride","@JENNIZZLES","@UmerAmin200","@katiemoisse"
"@DJhbsmooth","@TannishthaC","@CHRIS_Daughtry","@Stevie11White","@tregs140","@AshtonMarra"
"@BazakShai","@Siva_Kartikeyan","@corbinbleu","@Gregan","@mhussey393","@studentvote"
"@abdirisakaden1","@BenAffleck","@Carole_King","@bentimm1","@Lshukla6","@ashoukry"
"@opmdpm","@AzmiShabana","@garynock","@EMXXRR","@Trotty","@IiserMohali"
"@nestrangeiro_pt","@Vishhman","@Realomosexy","@annieelainey","@MattPrior13","@LaSalleUniv"
"@jariPLuoto","@bipsluvurself","@PatrickStump","@anishadixit","@sohailmalik614","@RealEWilliams"
"@HonPhilipEDavis","@twhiddleston","@Florence_Pugh","@piamuehlenbeck","@hemangkbadani","@krutu8"
"@ambiente_pt","@AlbertBrooks","@MahoganyLOX","@Ziqoftw","@sthalekar93","@sgSMU"
"@grandserail","@NeYoCompound","@mimichakraborty","@NoughtPointFour","@tmills15","@franziroesner"
"@Dimitrov_Nikola","@kritisanon","@StaceySolomon","@CupAhNoodle","@GeoffreyBoycott","@mattforohio"
"@CabinetEgy","@AnthonyIngruber","@JonSecada","@Ninjayla","@SharjeelLeo14","@davidwebster"
"@pt_financas","@alluarjun","@EduardLeonard","@YuhuaHamasaki","@Paulnico199","@SaraGirardNews"
"@coesao_pt","@iamnagarjuna","@Shanoozeing","@patriciaprieto","@bazidkhan81","@MiguelDSouza"
"@Brivibas36","@AnilKapoor","@esnathesinger","@KielvjOfficial","@copes9","@thelamp"
"@economia_pt","@TheShilpaShetty","@BaileeMadison","@ToKeNasty","@niallnobiobrien","@celiadarrough"
"@PNSpedronuno","@thevirdas","@shanell_SnL","@Ciara_Price","@Tipo_Morris","@tvangolf"
"@trabalho_pt","@AJKirsch","@RossWilliamWild","@PeterRollins","@ImrulKayes45","@HLS_CLP"
"@saude_pt","@samuelmilby","@Angelo_Mikha","@ChefShipra","@ReemaMalhotra8","@taraxmurphy"
"@justica_pt","@Rosie","@StephanieJBlock","@thorku","@BenHCarrington","@hkumed"
"@mpresidencia_pt","@arjunk26","@JoePerry","@kentaihaven","@CRBrathwaite26","@VStMartin"
"@agricultura_pt","@AnthonyHopkins","@IDivyaChaudhary","@YT_Solo","@ImranTahirSA","@VOCES8"
"@jprebelo_sejd","@MsKajalAggarwal","@CutMemey","@Failboat103","@BunnyOnions","@primotoys"
"@ciencia_pt","@sjhsjh0628","@SutcliffeKieran","@UltimateSummit4","@dindaashoke","@NYPQueens"
"@DuarteCordeiro","@Suriya_offl","@BonnieMcKee","@jiyunaJP","@Tammy_Beaumont","@jonnyberliner"
"@modernizacao_pt","@arbaazSkhan","@JustinColeMoore","@IM_Rosen","@RikkiClarke81","@ICMRNICED"
"@VicePMduCanada","@LisaSurihani","@KidRock","@Marshall89HD","@pandey_ishwar","@ScoilnetPPrim"
"@wafabanimustafa","@konkonas","@albinokid","@Deansocool","@MarkRamprakash","@ScoilnetPrimary"
"@mar_pt","@kamaalrkhan","@AaryanDineshK","@rui","@s_badrinath","@LisaWhy"
"@sakher_dudin","@jameelajamil","@MartinOMalley","@TechNinjaSpeaks","@David_Wiese","@lisakrantz"
"@iestruturas_pt","@hughlaurie","@michellebranch","@BNellyNelson","@Sophecc19","@RyFons"
"@joaocneves_","@TheRealMikeEpps","@brianrayguitar","@HighSky","@GFoxyFowler","@willoliphant"
"@jvstorres","@KeeganMKey","@ShyBoy","@LaraLunardi","@DennisCricket_","@LeonLazaroff"
"@HLSierila","@yamigautam","@BrianMcFadden","@ImageNationAD","@IftiAhmed221","@EToniutti"
"@pedrosizavieira","@mishacollins","@Raini_Rodriguez","@TomRPI","@ryanmac23","@kesterbrewin"
"@SudanPMHamdok","@Suhelseth","@leonthomas","@JareenAI","@AlviroPetersen","@UofSouthAlabama"
"@Najib_Mikati","@deespeak","@RobertSmith","@Starr_Rocque","@ChrisTremlett33","@John_P_Carvalho"
"@marshall_steven","@BaronDavis","@VWOfficial","@draynilla","@RohaNadym","@andrewcedermark"
"@DavidPisoniMP","@mallikasherawat","@BrianKarem","@LL_Stylish","@si610","@bobmarks"
"@AhmedShafikEG","@jaimecamil","@KeyshiaCole","@Marcus_Mosher","@lukewright204","@donovanh"
"@Ansip_EU","@Bhuvan_Bam","@mamtamohan","@mishrasugandha","@Isam84","@stjamesdublin"
"@tlekshay","@RobRiggle","@donnyosmond","@ketan1811","@ImSushVerma","@MakerereLaw"
"@NetTibet","@Rakulpreet","@veronicamerrell","@HayzStreams","@thecompdog","@DanMennella"
"@PakistanPMDU","@GulPanag","@lesliegrace","@CherryWallis","@NBRACKEN142","@commtechnetwork"
"@Statsmin","@MirandaSings","@AmmyVirk","@Maestro","@rohangava9","@ManchesterREH"
"@DPMoffice","@NehaDhupia","@wesleystromberg","@Somecallmejon","@ryanburl3","@ArtsUnimelb"
"@MaktoumMohammed","@TEYANATAYLOR","@ajRAFAEL","@cameronbright","@chetans1987","@TopHat"
"@KBKAlThani","@OmarSy","@Guy_Garvey","@BaitezeSquad","@ParvinderAwana","@dharmaadhikari"
"@SaniaNishtar","@DebraMessing","@TraceAdkins","@OfficialGilley","@timbresnan","@UoAEngineering"
"@AnnaHallberg_","@ColinHanks","@SiriouslySusan","@MIWryan","@amiryamin54","@Kangastweet"
"@MuhyiddinYassin","@SirPareshRawal","@RaashiiKhanna_","@ThePlasticBoy","@david_willey","@kiphillreporter"
"@brb1954","@mrdannyglover","@AlisonMoyet","@Josh_Dugan","@Harv366","@ISD_623"
"@SomaliPM","@RJ_Balaji","@NicolaRoberts","@TheOceaneOpz","@AasifAli2018","@WCVtweets"
"@IsmailSabri60","@chadwickboseman","@MickieJames","@Noizeeh","@ElyseVillani","@kmariemoffitt"
"@kpsharmaoli","@BajpayeeManoj","@RosaAcosta","@ChrisCovent","@SnehalPradhan","@SheffUniJourno"
"@SHABAZGIL","@AnthonyMackie","@CarrieHFletcher","@Euan_MacDonald","@Atiq160Test","@UofMHealthSci"
"@naftalibennett","@robreiner","@SukshnderShinda","@donnylumpkins","@petersiddle403","@jeremyeisenzopf"
"@alexanderdecroo","@ihansika","@ShamirBailey","@BrawlStarRey","@AdamWebster31","@51strokes"
"@MarinSanna","@lilymariye","@JeremyMJordan","@amandacstein","@jgarnerr96","@TBMento"
"@Tzipi_Livni","@TheJohnAbraham","@alfonso_ribeiro","@CallieThorpe","@Jamiemurphy89","@stephaneloise"
"@KTnepal","@jfreewright","@benleemusic","@whatsnext","@TomYoungs87","@KostyaMagician"
"@Abhisit_DP","@xtianbautista","@baileymay","@mL7support","@RobWalter17","@jamesriver"
"@markrutte","@WValderrama","@SmthnglikeKites","@join_nexus","@B_murphy01gk","@LSUAgCenter"
"@VincentVQ","@JoyVBehar","@shibanidandekar","@jeniontheblock","@Daniel_James_97","@AndrewjDawson"
"@Mustapa_Mohamed","@IamSandraOh","@JohnGallagherJr","@crazeclown","@officialpepe","@NewcastleHosps"
"@DrMaeenSaeed","@advani_kiara","@MissMargoPrice","@PerkatPlay","@midoahm","@TISBangalore"
"@SherBDeuba","@sidharth_shukla","@neetimohan18","@AzziadNasenya","@Alexis_Vega9","@MFT_MRI"
"@katrinjak","@SunielVShetty","@saraevansmusic","@deric_tv","@roberto_rj16","@NatUniv"
"@MiroCerar","@GarySinise","@MarcuscollinsUK","@KimBondy","@eestijalgpall","@OnyeActiveMD"
"@VGroysman","@Nawazuddin_S","@KimberleyJWalsh","@jordanorwood","@angel_tasende69","@jencosgriff"
"@AyadAllawi","@davidschneider","@GuySebastian","@GEVidsTweet","@GarethBale11","@FrancescaFionda"
"@P_Fiala","@chriscolfer","@KathJenkins","@nKuchGaming","@alexmorgan13","@sccenglish"
"@cmprachanda","@AlwaysRamCharan","@RealLyndaCarter","@RISKYROADZ","@Paulmcveigh77","@RebeccaDavis"
"@adolitics","@clarkgregg","@beccafrica","@UpshallGames","@MarcusRashford","@RachelleYQB"
"@DavidKeyesPMO","@CedEntertainer","@tracey_thorn","@Henwy","@TiffanyWeimer","@TDOttawa"
"@BisherKhasawneh","@AliZafarsays","@smokeyrobinson","@Dedo","@razacktraore12","@ByNancyMarch"
"@KamyabJawanPK","@NeilNMukesh","@LisaLoeb","@TheGabi","@youngy18","@eNotes"
"@PandeliMajko","@DeleMomodu","@PattiLuPone","@mehranzaidi","@TheRealAC3","@paulmwarwick"
"@zeinaakar","@lalaakindoju","@JohnNewmanMusic","@jake_theviking","@JesseLingard","@RiceEngineering"
"@KhaledBahah","@SohailKhan","@SarahMcLachlan","@MERTZY","@sterling7","@stanfordanes"
"@claudejoseph03","@MichaelRapaport","@AliRogin","@XboxAddictionz","@HKane","@selliott0"
"@CameroonPm237","@SleepintheGardn","@jassiegill","@B_radCR","@kylewalker2","@SLEC_DoE"
"@bjorklundjan","@RahulBose1","@swanandkirkire","@Drea_KnowsBest","@LukeShaw23","@lgonzales"
"@Almustaqbal","@JasonIsbell","@HappyWoman9","@Surfnboy","@JackWilshere","@travisbedard"
"@davidblairdt","@RandyRainbow","@Davidburtka","@HMKilla","@B_Fernandes8","@RyanTakeo"
"@A_Davutoglu_eng","@ANDYLPELLIS","@GreyDeLisle","@Lsimmonds49","@theowalcott","@abigailrieley"
"@prdthailand","@bertkreischer","@travisrclark","@editoremilye","@JeromeBoateng","@drlaragoldstein"
"@BatboldSukh","@TanyaBurr","@TrinaBraxton","@ksheldongh","@HectorBellerin","@JustinHicks2010"
"@cpmayiga","@ReallySwara","@TheRitaMoreno","@ChrisCowlin","@sergino_dest","@jebsharp"
"@janeyckmans","@jordanfisher","@danauerbach","@iTzuDL","@RealRomfordPele","@FMHS_UoA"
"@Bordans","@VijaySethuOffl","@piercethevic","@Get_Flanked","@BukayoSaka87","@DaniSposi"
"@EdNgirente","@RichardEGrant","@NickLachey","@DenolaGrey","@vardy7","@IITIOfficial"
"@GeorgesGilkinet","@atulreellife","@OfficialWaje","@tvgirlz","@Elmo_27","@Sharonsmakeup"
"@Bolort","@IAmVarunTej","@PaoloBenjamin_","@HauntedMeg","@HassanKouka","@ColmKeeganMusic"
"@danielkibret","@Markgatiss","@RebeccaFMusic","@PhoebeParke","@Hillal_Soudani","@miller_el"
"@EliasMurr","@RandeepHooda","@naturinaughton","@Mootyy2K","@PhilFoden","@surfnscientist"
"@OyunerdeneMN","@ProZD","@hoccgoomusic","@CarlosxcStory","@J_Gomez97","@jasonsuel"
"@Pm237Services","@dotcom30rock","@Syleena_Johnson","@Ekuegan","@StanCollymore","@nauits"
"@DritanAbazovic","@SimuLiu","@SoumayaKeynes","@cortexpodcast","@VictorMoses","@IOA_UWA"
"@FedorovMykhailo","@LakshmiManchu","@ramjowrites","@stopde_official","@awbissaka","@Becky_A_Smith"
"@RtHonJoeClark","@jimmysheirgill","@TheRichaSharma","@ShawnFatfield","@SMignolet","@michaelbellvo"
"@RamiHamdalla","@chay_akkineni","@Average_Jonas","@samantham7PD","@vancole9","@BenPEdwards"
"@apawluszek","@AkhilAkkineni8","@bohnes","@FakeRobHunter","@MrT","@NoBully_org"
"@SalmanFRahmanMP","@DaveedDiggs","@LilianGarcia","@TechGirlZA","@JanAageFjortoft","@stgemmashospice"
"@LaurenGianoli","@dimitrivegas","@allenstone","@anthonyalfredo","@CalumChambers95","@Kemdikbud_RI"
"@ChangeIndia18","@natasharothwell","@MelodyThornton","@AlBlades_Jr","@alexiaputellas","@ProjectHDesign"
"@BahrainPMO","@vincentdonofrio","@ZonkeMusic","@AGirlOfHerWords","@OfficialRadja","@mserageldin"
"@AHakimAshkir","@michaelsheen","@_ShwetaMohan_","@BossCR","@BenChilwell","@marilink"
"@PaiviPaasikoski","@ShahDaisy25","@JacksonBrowne","@Karanbajaj","@jamthedirtybird","@gio_fps"
"@ademie","@aishatyler","@NATsakdatorn","@NISAinEurope","@IngsDanny","@neuwirthe"
"@GruevskiNikola","@VernonDavis85","@BettyBuckley","@demdemidemii","@moeebrian","@KseniaSvetlova"
"@HRH_Khalifa","@anthonyanderson","@Omawumi","@JessMcDonell","@AlderweireldTob","@valverdefernan"
"@talgilboa","@boxervijender","@JeniferLewis","@jessicamreyes","@IlaixMK","@DoctorSotelo"
"@JuanManzurOK","@JohnFugelsang","@ramonasworld","@nefertitijaquez","@wilfriedzaha","@Breen_Kim"
"@PresidencyZA","@mepauloavelino","@UnaHealy","@thebakabros","@luchogarcia14","@DAarambillet"
"@PentagonPresSec","@SamHeughan","IG/TikTok: @ramichuene","@Wamathai","@reecejames_24","@JeremyLRedmon"
"@ScotGovFM","@thebrianposehn","@IlseDeLange","@JordanValleys","@DanielWebber81","@freeCodeCamp"
"@CimGOI","@kalnaga","@javedali4u","@f3cooper","@pvanaanholt","@ossia"
"@CMOfficeAssam","@R_Khanna","@NASHOVERSTREET","@pickapixelyt","@TheRealSalgado","@EdSurge"
"@CMofKarnataka","@memetalialabora","@AmeliaLilyOffic","@oLARRY2K","@BenFoster","@TeachersCollege"
"@DrBladeNzimande","@vennelakishore","@msm4rsh","@Jpw03","@RayHudson","@AFTunion"
"@HMOIndia","@Vinayvirmani24","@PhilCollinsFeed","@HenryTheBlasian","@NormanWhiteside","@khanacademy"
"@DeptofDefense","@VishalKOfficial","@Corey_Feldman","@dollastic","@Anderson_Viv","@INTOnews"
"@cmohry","@VinoGBastian__","@marylambertsing","@coL_AliasV","@Jesanchez3","@WeAreCTA"
"@MinisterMOFA","@Kyle_MacLachlan","@michaelkiwanuka","@TheRyanMcKee","@frankirby","@AAPTHQ"
"@CMOKerala","@vidya_balan","@KentMoran","@SSG_Incon","@Ben_Davies33","@TIAA"
"@DepSecDef","@IamSaiDharamTej","@rekha_bhardwaj","@adam_stanley","@AdaStolsmo","@GSTADelhi"
"@DanishMFA","@Sophie_Choudry","@KentBeck","@MelissaSChapman","@BernardParker","@TNTP"
"@NxesiThulas","@Mark_Sheppard","@NadineCoyleNow","@LeslieRichin","@RhianBrewster9","@TeacherPrize"
"@AzerbaijanMFA","@PatriciaHeaton","@valmcdermid","@cinemawaali","@jasoncundy05","@tmbankau"
"@MbalulaFikile","@adriangrenier","@mark_mcgrath","@EmanMakeup","@CGBrown16","@NCTQ"
"@HealthZA","@CynthiaNixon","@aroyfloyd","@philclifton","@Neil38Etheridge","@SadtuNational"
"@DOD_Policy","@aapkadharam","@jeetmusic","@nicolelovar","@JillScottJS8","@UFT"
"@environmentca","@Janina","@KathCim","@YKTDeleo","@chriswaddle93","@nitttrbpl"
"@ChiefPentSpox45","@NyleDiMarco","@rodvelloso","@fredpessaro","@IGanaGueye","@ScholasticTeach"
"@DIRCO_ZA","@brettgoldstein","@vancejoy","@avalonstar","@PaulMerse","@CalCTC"
"@CMOMaharashtra","@theebillyporter","@Jahmene","@JamesHelder_","@branwilliams","@NAHTnews"
"@EmmanuelNahshon","@TheJeffBridges","@KrisAllen","@WidowOnTwitch","@Realaldo474","@stcu"
"@DDMabuza","@WarwickADavis","@itsmeeshashafi","@martaracing","@EddieNketiah9","@TeacherAtSea"
"@IsraelMFA","@PriyaAnand","@xoSonique","@travelling_mom","@jon_flan93","@NatlPAT"
"@DOD_Outreach","@TheRealDratch","@DeborahFW","@lindork","@FredericKanoute","@TeachersSeries"
"@bayramov_jeyhun","@AlanTudyk","@kelliohara","@marcoferritv","@kdkilbane77","@shailajateacher"
"@udviklingsmin","@torispelling","@sweeetanj","@herculysee","@bhaichung15","@QRTAJO"
"@mindefsg","@EdWestwick","@Shontelle_Layne","@Jessie","@Mark__Bright","@NJLahori"
"@ActingSecDef","@deanjnorris","@AdnanSamiLive","@Biffa2001","@WayneBridge","@ovaismangalwala"
"@SAPoliceService","@caricevhouten","@cynthialovely","@CassidyQuinn","@JamalMusiala","@Moonsanelly"
"@PSPC_SPAC","@KirronKherBJP","@wanderwaii","@hellojuliagraf","@TheCurtisDavies","@kalson"
"@CMO_Odisha","@LuisGerardoM","@afdlinshauki","@ConnerHKnapp","@LouMacari10","@teachertube"
"@LiorHaiat","@IANMHARDING","@JoshCuthbert","@janeeknight","@DavidMeyler","@TheTeacherRoom"
"@a_schallenberg","@tomellis17","@Vedius","@boyinquestion","@JulianBrandt","@TeacherWanjiku"
"@GiladCohen_","@Mattdavelewis","@HaydenSummerall","@AngieAway","@Michailantonio","@SJPHeadTeacher"
"@goacm","@Rick_Howland","@BenHaenow","@thatchickLynda","@RobHolding95","@TeacherLists"
"@NizarAmer","@iamtikasumpter","@shiamakofficial","@officialwhzgud","@Noble16Mark","@ratantiwaribjp"
"@MinisterKTR","@TimothyDeLaG","@andrewbird","@Lil_Majin","@RyanSessegnon","@KutztownU"
"@AmbassadorNaeh","@michaeljkellyjr","@TheRealAnaOrtiz","@lindsayALBANESE","@LeonMckenzie1","@CalSTRS"
"@DlaminiZuma","@tonygoldwyn","@trevorjackson5","@PressPlayDavid","@SimonGreatwich","@northerniowa"
"@BilleHermann","@radhika_apte","@SamPalladio","@FlobbyCr","@shaneduffy","@ASU"
"@BelarusMFA","@actorsathish","@sydneysierota","@cetincem","@TomHeatonGK","@sensei_movie"
"@MFA_Austria","@missnemmanuel","@PriyankaJShukla","@AlanAvi_","@Ebenno88","@BBC_Teach"
"@ministerBZ","@eizamusica","@PrettyMill1","@coreybrooks34","@ChelceeGrimes","@HeinemannPub"
"@SenRehmanMalik","@joliejenkins","@hellomeganlee","@The_FineMan","@AsisatOshoala","@DonorsChoose"
"@TaniaBRafaeli","@cyndilauper","@pierrebouvier","@tiffofili","@ToddCantwell_10","@ATLUnion"
"@ASD_IndoPacific","@jonathansfrakes","@JideJaydee","@brogantatexo","@mathieuflamini","@TowsonU"
"@Stellarated","@peterfacinelli","@Sie7emusic","@mcnfreedom","@robsnodgrass7","@Lararforbundet"
"@Israel_MOD","@britmarling","@Adadieee","@SH00T_","@ellatoone99","@TROYUnews"
"@yiftahc","@w_terrence","@towandabraxton","@MatthewStucko","@dan_ward52","@montclairstateu"
"@pmathon","@PennBadgley","@k_crutchfield","@nickwalt","@MrMattJarvis","@UOW"
"@USD_IntelSec","@lewis_damian","@RSeanRoldan","@RealGodzly","@Ndidi25","@wku"
"@JusticeCanadaEN","@HarleyPlays","@bevansisme","@dandydujour","@sammorsy08","@JMU"
"@scotgov","@johndumelo","@KevinMcCallJr","@way4ne","@alessiarusso7","@TroyAthletics"
"@ElnurIMammadov","@SterlingKBrown","@amandashires","@djalice1075","@roofe","@UNC_Colorado"
"@DepPentPressSec","@tylerjblackburn","@BebeNeuwirth","@InceptionXx","@andiweimann","@tony_sheffler"
"@FMPublicDiploPK","@mandybedi","@matthew_west","@jdotb","@mart__thomas","@WesternMichU"
"@DeptEnterprise","@BobNewhart","@ashleyargota9","@RockyNoHands","@alecko11","@LMCU"
"@GuyGilady","@varusarath5","@TheMickyDolenz1","@MattSibson","@Grantholt31","@CFPExtraYard"
"@Safety_Canada","@AYCOMEDIAN","@JulianLennon","@8bitMamba_","@KieranOhara_","@MSUMoorhead"
"@haridusmin","@ishehnaaz_gill","@AshleyMcBryde","@RyanVargas_23","@JordanNobbs8","@CCSU"
"@GerRepRamallah","@Richard_Schiff","@FBCoachP","@Shehzad89","@rachelyankey11","@SFSU"
"@IsraelNitzan","@ElliAvrRam","@bobbyvjaarsveld","@JaslynOme","@MarvinSordell","@thichnhathanh"
"@HMPIsis","@GroovyBruce","@Frances_Coppola","@DemonJT_","@CSimmsQB","@SuperSoulSunday"
"@BennyDagan","@TaronEgerton","@HaricharanMusic","@TalkBeckyTalk","@siphiweshabba","@NASASTEM"
"@Minister_Edu","@RomeoMiller","@Javstwtr","@PaulaJoye","@michaelkeane04","@TED_ED"
"@DKAmbLibya","@tommychong","@DarshanRavalDZ","@TheFantasyExec","@hedvig_lindahl","@GLOBEProgram"
"@LAbdullayevaMFA","@HankAzaria","@TheAntonDuBeke","@P3NGUIN","@HayleyLadd","@girlshealth"
"@dkClimateAmb","@StephenGraham73","@IamApass","@NtandoMasina","@mattycash622","@EspeSpalding"
"@DM_PSPC","@falzthebahdguy","@Travistritt","@Cosolix","@KalushaPBwalya","@exploratorium"
"@GilHaskel","@LievSchreiber","@indiana","@BHLvcid","@omeruo22","@edmodo"
"@ohadhrsndi","@ohsnapjbsmoove","@danbbaer","@emeka_ug","@James_Tavernier","@HarperChildrens"
"@ItalyMFA","@RealDLHughley","@Markkistroem","@kylevergara","@marcroca21","@SmithsonianEdu"
"@uaetolerance","@jaavedjaaferi","@jessicamauboy","@EndaStoryFM","@SCrawf9","@TheCrashCourse"
"@IsraelinET","@missmayim","@ManikaOfficial","@ComedianWaris","@klbardsley","@RetroReport"
"@MinAyandaDlodlo","@EmilyGraceBevan","@AmeliaVega","@MonaSalama_","@ben6white","@facinghistory"
"@NoamKatz_","@TusshKapoor","@ACNewman","@dinomilosaurus","@joshharrop23","@FirstBook"
"@NathiMthethwaSA","@nikolajcw","@MFranchitti","@BeingZeeJames","@lukeayling_8","@TeachPrimary"
"@MinJusticeEn","@TomArnold","@DiaFramps","@JeffreyLKatz","@AndreGray","@TheLeaderinMe"
"@deptoflabour","@LanaParrilla","@NaderHamdy","@imannmilner","@PernilleMHarder","@edpioneers"
"@HagayBehar","@mrmattwalsh","@JJHamblett","@evantmack","@Danny_Batth","@firstlegoleague"
"@AlbanianDiplo","@tashasmith4real","@jhaletweets","@jasonrball","@ckvineeth","@learningcode"
"@mhasingapore","@i_nivethathomas","@SofiaJLondon","@katiefehlinger","@luke_garbutt","@NEUnion"
"@CDS_Canada_CEMD","@jenmorrisonlive","@donmoen","@DANandMOORE","@RyanMcL2","@EMKInstitute"
"@GERDigitalEnvoy","@CHRIS_Daughtry","@leeannwomack","@DiningTraveler","@EthanLaird","@bbcbitesize"
"@DaAgran","@alanalda","@MsJoelyFisher","@MJW_era","@JayRodriguez9","@TesScotland"
"@DeptJusticeIRL","@OliverPhelps","@JustinaMusic","@IBWAA","@sjsidwell","@LenovoEducation"
"@FGilsenanIRL","@itsJulieBowen","@ianbrown","@hikakin","@nirmalchettri03","@Tomorrows_Eng"
"@RogelRachman","@realradikaa","@Rotimi","@Dream","@mattjpsmith","@AQA"
"@xhacka_olta","@iamsonalibendre","@mattdusk","@MacieJay","@etebo_karo","@NASUWT"
"@SpitchNzawumbi","@ShatruganSinha","@TheKanikakapoor","@GibiOfficial","@chris_iwelumo","@itskatelambert"
"@ambassadorlion","@RakeshRoshan_N","@PiaGlenn","@Bhuvan_Bam","@Kortney_30","@PremierSkills"
"@The_DSD","@echriqui","@lodivadevine","@AfroSenju","@bondy506","@tinkercad"
"@InigoNYC","@DohertyShannen","@PatriciaKazadi","@KingGeorge","@A_Finnbogason","@Jim_Eichenhofer"
"@RonaldLamola","@RoArquette","@anyamarina","@FreshPrinceYuup","@IzzyChr17","@katiecobrien"
"@dfatirl","@derekwaterss","@IAmMoniqueHeart","@YouTuberNews","@J_Panzoo","@StoryBots"
"@MinisterHashi","@CelinaJaitly","@erichirshberg","@TeamRomany","@FrannyBenali","@EdSupportUK"
"@DMDND_SMMDN","@RealRomaDowney","@LeeandLie","@yuyacst","@StevenBergwijn","@TheAshleyBeedle"
"@BMZ_Bund","@SeanHayes","@RonnieDunn","@HandIOfIBlood","@RachelDaly3","@oksde"
"@DBE_SA","@PrithviOfficial","@leonagustine","@431tv","@gmccleary12","@IM_org"
"@Shai_Cohen5","@rosieperezbklyn","@LALAkarmela","@TomoharuSaito","@Robert1Green","@nate_bowling"
"@halpst","@Omundson","@FunkyPR","@kirinyoutuber","@77thomo","@ECAEinfo"
"@DBLACKGH","@WillingBlam","@JoeDonRooney","@Alwaleed_Talal","@TheDeanAshton","@Steve_Irvin"
"@AmbMeronReuben","@DawnRichard","@Vybz_Kartel","@bragodr6s","@schwarzer_mark","@LSELaw"
"@CDNMinHealth","@RealRobinWright","@Rtreatwilliams","@FNS","@32watto","@mynepin"
"@GideonBehar","@thatdanstevens","@AndyBrownMusic","@xflag_youtuber","@JeffAllen71","@GenomeBC"
"@yacovha","@JCVD","@fadnavis_amruta","@AliAbdaal","@Harrison_Jack11","@3DXEdu"
"@MFABulgaria","@ManishPaul03","@JaymiUJWorld","@nknsjn","@TheRossKing","@MarieCusick"
"@Min_IndServ","@LamorneMorris","@kennyloggins","@YouTuber","@locadiaofficial","@seymoursimon"
"@NZFinMin","@Sai_Pallavi92","@krishoffl","@chetan_bhagat","@LeeTrundle10","@teachNSW"
"@HumanRightsIRL","@asabfb","@thekatiestevens","@youtuber_musume","@9smudge","@51TalkPH"
"@AmbEyalSela","@CDawgVA","@paulm_official","@TechnicalGuruji","@CharliePatino10","@TSC_KE"
"@KaynarOhad","@ChunkyThePanday","@AmyRosary","三田皓介@音ゲーYouTuber","@CelBee","@MetOfficeLearn"
"@DonalCroninIRL","@greggsulkin","@khayamthethwa","@johngreen","@JRBrockie","@HealthTeacher"
"@IrishEmbRiyadh","@Jaime_King","@gwtallent","@thetanmay","@MrJodyCraddock","@RachelWilson100"
"@RodgoldMD","@MaryLynnRajskub","@StellaParton","@Clisare","@A9Mac","@NYCOScotland"
"@Transport_gc","@davemorrissey64","@chrissiefit","@laurDIY","@TaylorD_Moore","@PolkSchoolsNews"
"@SMMOFA","@NimratOfficial","@bjarmstrong","@dhruv_rathee","@Alex_Macca23","@RoundRockISD"
"@ReginahMhaule","@iamsanthanam","@MorganLBrennan","@MannyMua733","@Bethany_Eng15","@LisaforNevada"
"@john_forde1","@MrT","@jasminwalia","@OwenJones84","@Mazer_9","@mcropper1"
"@MinIntergovCA","@dan_aykroyd","@brianlogandales","@RosannaPansino","@morrisonclinton","@vedantu_learn"
"@TalyaLador","@ReaganGomez","@carsonlueders","@SupremeDreams_1","@amodeste27","@DecideonDesai"
"@HellenAdoa","@almadrigal","@SufiSartaaj","@WilburSoot","@MagdaEricsson","@MsKathrynRenee"
"@HMPBelmarsh","@Randy_Couture","@HobbieStuart","@MarcusButler","@george_willo35","@genestupnitsky"
"@ADautllari","@OmariHardwick","@chuckwicksmusic","@petermckinnon","@Gilly_flaherty","@FactBar"
"@NationalCoGTA","@Florence_Pugh","@KateRobbins","@TTLYTEALA","@BobbyMooreFund","@AlexndraRobbins"
"@NBurgessDFAT","@GerardButler","@LisaHannigan","@ContraPoints","@StephenWarnock3","@jacobrosecrants"
"@KaylowOfficial","@James_Phelps","@meghantonjes","@TimothyDeLaG","@denniswise","@ExeterCollege"
"@paul_sherlock","@bhumipednekar","@joeylawrence","@patrickstarrr","@lloyd_isgrove","@ShriAjayVeer"
"@DisarmamentIRL","@iamdesibanks","@carlywaddell","@MarkRober","@CristianRoldan","@ZorbitsMath"
"@AmitShah","@BekkaPrewitt","@DanWilsonMusic","@OliWhiteTV","@JohnJBostock","@learnPSNSW"
"@sherryrehman","@idevadhikari","@RandyNewman","@vipringd","@AdamArma9","@IslandWood"
"@marvi_memon","@albinokid","@tiffanytunes","@rclbeauty101","@jejefanai","@LifeSkills_Ed"
"@cathmckenna","@divyadutta25","@aaronpauley","@Bitboy_Crypto","@TimSparv","@HooverSchools"
"@CMOfficeUP","@itsSHANGELA","@RobThomas","@MattWallace888","@Mark5Wright","@RSC_EiC"
"@CMOTamilnadu","@colinodonoghue1","@MsReneeLawless","@CDawgVA","@SCoxy31Real","@Wesleyan"
"@JZarif","@RealGreggDaniel","@ClintonCerejo","@HeyBuckHey","@JoshCullen","@Larryferlazzo"
"@jamespeshaw","@nimmaupendra","@OfficialRita","@NickEh30","@modoubarrow14","@UofT_DoM"
"@NicolaSturgeon","@allarinaresh","@biancamarroquin","@Spifeyy","@dan_bentley1","@miss_mcinerney"
"@FedericaMog","@GarcelleB","@RazanElMoghrabi","Jake Randall (@Jake_Randall_YT)","@J_Aribo19","@ewarren"
"@ABaerbock","@arunvijayno1","@MikeyBustos","@daz_black","@JoeWorrall5","@AnupamPKher"
"@JustineGreening","@jimmisimpson","@PREEYAKALIDAS","@IamKrisLondon","@kirstyhsmith","@Roxyfighter"
"@minister_moe_sa","@RealKevinNash","@Matt9Duchene","@SaffronBarker","@mickygray33","@ChelseaClinton"
"@Amirabdolahian","@AmmyVirk","@joancbaez","@ChiefPat","@DujonSterling1","@charliespaniard"
"@ukcmo","@MwalimChurchill","@rahulvaidya23","@bonniegrrl","@Paul_Lake","@JohnPiper"
"@MinOfPower","@andyserkis","@NickiTaylor","@russotalks","@Abss_5","@Chasten"
"@Israel_MOF","@PoojaB1972","@EvaNoblezada","@jarvis","@Chloe_Kelly98","@jockowillink"
"@Israel","@Rangga_Moela","@jamilawoods","@saradietschy","@LeonAdriana9","@DeleMomodu"
"@TexMinIndia","@JohnFDaley","@iAmShakka","@eddyburback","@MarcPugh7","@fnoschese"
"@RajCMO","@MattLanter","@KreeshaTurner","@Boogie2988","@TommyElph4","@AstroAcaba"
"@Anna_Soubry","@NivinOfficial","@thandiswamazwai","@MatthewSantoro","@RobertEarnshaw","@JackKornfield"
"@DavidGauke","@GemmaLaurelle","@ItsMelanieAmaro","@MattHDGamer","@TosinAdarabioyo","@JackeeHarry"
"@AlexSalmond","@RyanPhillippe","@KaurBmusic","@Kripparrian","@AFlint4","@CiaoSamin"
"@JharkhandCMO","@phillamarr","@CaroleBSager","@Terroriser","@laurarafferty6","@MichaelElsenRoo"
"@Fukkocho_JAPAN","@Charmmeofficial","@bernardfowler","@stampylongnose","@crislopez23","@laurawbush"
"@MoDIsrael","@actorramya","@ConnieTalbot","@RealSexyCyborg","@Moses_28","@octavianasr"
"@ramayade","@corbinbleu","@BryOnTour","@IamTrevorMay","@KevStewart93","@rweingarten"
"@ChhattisgarhCMO","@LouDPhillips","@christynockels","@Manny_Official","@jbeattie91","@MyPowertalk"
"@anilvijminister","@RichardDreyfuss","@jackremmington","@Avxry","@MsDScott11","@VarshaEGaikwad"
"@BelarusMID","@ShamirBailey","@hibatawaji","@Lyricoldrap","@demetrimitche11","@LynnAfendoulis"
"@CMOGuj","@LukeCorreiaVA","@ChelceeGrimes","@HEARTDEFENSOR","@Sarpreetsingh88","@zellieimani"
"@SMQureshiPTI","@martin_compston","@Jonny_Wilkes","@RawBeautyKristi","@joeriley49","@NickFaldo006"
"@zartajgulwazir","@thedeol","@ActressPatrice","@andrewpprice","@tatsdowie","@RepMaloney"
"@betterpakistan","@AlluSirish","@BrianWFoster","@yammy_xox","@AMorgan94","@ramonasworld"
"@Hammad_Azhar","@thearvindswami","@aliciawitty","@ChefKunalKapur","@BenHCarrington","@ARBernard"
"@Ali_MuhammadPTI","@jumblejim","@RobertJohnDavi","@TheAn1meMan","@GunnJenny","@MichaelEPorter"
"@Dr_YasminRashid","@GabrielMacht","@MariaHo","@iamMostlySane","@darrencaldeira","@larsenCSGO"
"@SecDef","@Minissha_Lamba","@amoore9","@geekyranjit","@JordanGr_11","@DavidtheAdmiral"
"@ShellyHuglerLiv","@AtomicMari","@JDonOfficial","@joncozart","@LalkovicMilan10","@eric_lander"
"@SM_SPAC","@theofficialmads","@ArjunArtist","@LaurenzSide","@Joshwright4","@ShamikaRavi"
"@MinisteroDifesa","@NaomiKyle","@LouiseRedknapp","@DavidChoiMusic","@Tommy_Doyle8","@ryanbeckwith"
"@CitImmCanFR","@ksorbs","@johnmellencamp","@CWA","@JetJennings","@SenatorTester"
"@JusticeCanadaFR","@SutcliffeKieran","@DavidCampbell73","@Davincij15","@JordiGomez14","@vcunningham"
"@environnementca","@NatashaGargiulo","@anidifranco","@starneelima","@tesselmiddag","@chrisfralic"
"@dpradhanbjp","@realbubbaganter","@sosupersam","@ShokeenSanchit","@Steviejohnson20","@sonnyangara"
"@AndrewLittleMP","@leonthomas","@AntoniqueSmith","@jackconte","@Andrew10dog","@BettyBuckley"
"@GvtMonaco","@WillSasso","@THEVIVIENNEUK","@ManojSaru","@AndyLittle_7","@BobRae48"
"@stevenljoyce","@iamlakshmirai","@CeCeFrey","@emNikhil","@bachmannr10","@warikoo"
"@MinisterVice","@SiriouslySusan","@IAMQUVENZHANE","@MrRoflWaffles","@HarryChapman101","@StevePasquale"
"@TelanganaCMO","@RaashiiKhanna_","@erinvholland","@Troydan","@the_stears","@TimShriver"
"@MEMguatemala","@brookepalsson","@dianebirch","@DonutOperator","@RyanFredericks_","@ZiauddinY"
"@gdarrieussecq","@KeithTPowers","@TeddyDief","@ponysmasher","@TheGouldfather","@JackieHillPerry"
"@konotaromp","@AnnaAkana","@TulsikumarTK","@Wil_Dasovich","@StephanieRoche9","@michaelbierut"
"@PelegLewi","@JonDonahue","@LilEddie","@MrDalekJD","@NathanByrne_","@vanityparty"
"@ShahnawazBJP","@alifazal9","@IceJJFish","@arielwaldman","@yandhanda","@johnmacarthur"
"@MiC_Italia","@NateRichert","@EllaAminuddin","@Chrisspymakeup","@yunusmusah8","@tanejamainhoon"
"@lbjespersen","@TroyBakerVA","@meganmace","@xoShaaan","@alexrae1969","@JedediahBila"
"@DrRPNishank","@nanditadas","@NinaSimoneMusic","@Lost_Pause_","@harry_forrester","@jscandalp"
"@MagenYoed","@rebeccareports","@DarshanU","@Braungardtanner","@TsepoMasilela","@roybahat"
"@Azerbaijan","@realsarathkumar","@aabramson","@m0E_tv","@T_alammar10","@ARIA_Official"
"@sarbanandsonwal","@wongrel","@TheRealSambora","@kat_blaque","@MelissaMOrtiz","@maya206"
"@MINECOGT","@minimathur","@MeloraHardin","@itisprashanth","@Tiri1991","@GuardianTeach"
"@HardeepSPuri","@Iaksharahaasan","@palmerwilliamsj","@ELEANORXNEALE","@ShaunMac20","@GovTimWalz"
"@girirajsinghbjp","@KenyaMoore","@kittythefool","@ChrisWillx","@christiemurray7","@VVforDelegate"
"@DjSchneeweiss","@gurruchoudhary","@sid_mahadevan","@AmyShiraTeitel","@LukeONien","@akshayerathi"
"@MinexGt","@JaneyGodley","@StevenWilsonHQ","@Sp4zie","@jamesjustin98","Mega Ran @ SuperBitFest 3/5"
"@Sports_gouv","@emmykinney","@mariedigby","@AshleeeyMaarie","@georgeelokobi","@sambranson"
"@ministerVWS","@rheaseehorn","@JJassiOfficial","@khayadlanga","@JordynHuitema","@yogawithadriene"
"@MinisterKenE","@Angie_Harmon","@AngelMelly","@JMiquelWine","@MikeGrella10","@jonkabatzinn"
"@NataliyaABoyko","@timothycsimons","@stacyfrancis","@MattiHaapoja","@SwimmerNiranjan","@RepMikeHonda"
"@MinisterEZK","@mimichakraborty","@AnthonyBGonzal","@PatFlynn","@swimstein","@BenHowe"
"@ErickMorillo","@BrodyismeFriend","@CaissieLevy","@TheRealTyceno","@swimmer_JB10","@gerrydee"
"@IlanFluss","@yahya","@Zhavia","@G2Thijs","@DSwim","@iamKENNYLEON"
"@SPAC_PSPC","@Vaaniofficial","@_mandygonzalez","@Symply_Tacha","@SwimmerRoss","@NicholasFerroni"
"@wborsus","@nickmohammed","@BartMillard","@yungchip","@SwimmerOW","@kyletwebster"
"@Armees_Gouv","@sonalchauhan7","@ShafqatAmanatA","@Gladd","@ayachan314","@emmagannon"
"@AzminAli","@JewelStaite","@patinamiller","@ChrisVanVliet","@TomDaley1994","@JohnBKing"
"@TabithaK","@shannonpurser","@MusicByKEM","@MartiniGuyYT","@brettgoldstein","@lizhem65"
"@MinisterNenS","@HarithIskander","@billwarddrums","@RayndayGaming","@RockySwimmer","@KevinRobertsTX"
"@MISE_GOV","@iam_SJSuryah","@malukah","@nickatnyteYT","@crouchy7ryan","@MellodyHobson"
"@ministerLZS","@VoiceOfOBrien","@ProfessorShyguy","@BennyCentral","@Craig1112","@GothamChess"
"@billshortenmp","@RanvirShorey","@JordanSweeto","@jessicaosgh","@jahimes","@CarolynBMaloney"
"@Minister_FIN","@JamesMoir10","@EdenEspinosa","@MyNameIsByf","@esolaeche937","@Philjimeneznyc"
"@SimonRoded","@UrvashiRautela","@bryanlanning","@Xiaxue","@RaineyTime","@QuintonLucasKC"
"@DrGetahun","@mrunal0801","@PorschaColeman","@MsBlaireWhite","@missyfranklin","@philabouzeid"
"@Menlu_RI","@LatriceRoyale","@ChrisMaloney77","@GloomyKassie","@BeckAdlington","@TedTe"
"@MinJusticeFr","@mkmalarkey","@jodeemessina","@Sharpp","@katieledecky","@VarshabenDoshi"
"@lesoutremer","@Sting","@BillyGilman","@alex_moukala","@LACaldwellDC","@jackremmington"
"@HerveGrandjean","@TreMelvin","@shawnieora","@BigDawsTv","@cathmckenna","@tarahaelle"
"@Transports_gc","@Marisha_Ray","@GaryLevox","@EmilyCanham","@stephanieizard","@AyazLatifPalijo"
"@mfespinosaEC","@ud_awat","@JillHennessy","@mags","@diananyad","@JohnJamesMI"
"@MinLavoro","@jackkybhagnani","@JudyKuhn1","@AngelMelly","@LewisPugh","@repdonyoung"
"@KerafaNaseem","@Davidburtka","@JermainJackman","@jessismiles__","@BrianCDickinson","@mrronclark_"
"@IsraelinPY","@realhimanshi","@RileyGreenMusic","@OrangeJuice","@swimmer0421","@Iamkavitak"
"@Pallamrajumm","@AgerwalNidhhi","@SonuKakkar","@Brofresco","@AngelaBarnes","@MysticxLipstick"
"@GeorgeFreemanMP","@jenniferstone","@TheGeneralMH","@Keisyooo","@Shivanikataria6","@danijshapiro"
"@simoncoveney","@kriti_official","@Kabomo","@Dakota_Meyer","@blitzkreigm","@TamaraGilkes"
"@Mipaaf_","@georgehahn","@miracleofsound","@CapgunTom","@JessicaLong","@CultExpert"
"@tanya_plibersek","@manobalam","@ADTSinghSharma","@BioMarkDarrah","@ranomikromo","@peterjkostis"
"@LinkeviciusL","@GassyMexican","@hayescarll","@DavidLPokemon","@olliehyndgb","@DorindaTheRose"
"@AlfonsoBonafede","@WilliamZabka","@CallahanMusic_","@NikkiPhillippi","@kanishktharoor","@Kon__K"
"@WBHoekstra","@raehanbobby","@lawrenceatl","@DJMonopoli","@mrmarkdolan","@MichaelBreed"
"@MarisePayne","@OmDennis","@ghostpoet","@MrFruitYT","@scottshafer","@tellyleung"
"@IlanaStein2","@VictoriaClow","@JManrara","@JKaplan","@ArianaKukors","@FirdoseM"
"@SiobhanCoadyNL","@RCArmitage","@FRONZ1LLA","@ZeRoyalViking","@CalvynJustus","@elizwgreen"
"@DyCMGoUP","@JohnGallagherJr","@thetracilords","@Steve_Dangle","@HannahMiley89","@Dmoceanu"
"@ShannonFentiman","@joederosacomedy","@Misskihoro","@Savjz","@clinthendler","@amandablair"
"@mims_gov","@imrealasim","@WadeBowen","@Foxdroplol","@AyoAkinwo","@YoSwaroop"
"@DMMOFA","@TONTOLET","@NolanColeen","@saevid","@_mackhorton","@Jessifer"
"@ministerBHOS","@mamtamohan","@realaled","@FCE365","@mel_wright","@hilella"
"@KPChiefMinister","@billy_burke","@skinskinny","@PapaMeagzz","@catecamp","@RepLipinski"
"@JodieH_MP","@jennyyangtv","@ItsJoseann","@Babylonian","@dottolck","@ramayade"
"@TheVixensworld","@frandrescher","@SamCSmusic","@hemantmehta","@daveevansabc7","@biologist_ellie"
"@OveUllerup","@thelesliejordan","@JenLedger","@andimanzano","@Shanteau","@Ruchiragupta"
"@RaniaAlMashat","@TheOnlyEdAsner","@arjun_kanungo","@CoreyVidal","@JoanneJackson86","@LeinzCNN"
"@AjayTamtaBJP","@JoeMantegna","@CCHELSEAWWOLFE","@PowerGotNow","@CaitlinDavies2","@EricaDiamond"
"@MAIRomania","@TWooodley","@hildurness","@iNabber69","@CHeyerdahl","@BaileyCarlin"
"@Tharman_S","@morgan_freeman","@rajpandit17","@crendor","@TBIJoshDeVine","@sarahholtf1"
"@satejp","@IamLuisGuzman","@edawkins","@SabrinaBrite","@kylesockwell","@JShahryar"
"@MON_UKRAINE","@Winston_Duke","@wonderwomanshel","@CavemanFilms","@SiobhanMOConnor","@kjalee"
"@MEF_GOV","@ttovino","@SabrinaBrite","@BanditesYT","@Frederikbalfour","@RMCunliffe"
"@OlafLies","@benbarnes","@CavemanFilms","@redmercy","@RichardbrutonTD","@janibrajkovic"
"@Nahendeh_MLA","@iKabirBedi","@GujiLorenzana","@JaxAustin","@SMihm","@KevinLevin"
"@AslamShaikh_MLA","@sallyephillips","@michaelhsweet","@LydiaEmillen","@JazzCarlin","@jamestalarico"
"@MattlanZackhras","@DondreWhitfield","@singersaindhavi","@alexdowsett","@cassiewerber","@Bhanujgd"
"@KerryLynneFindl","@ChazBono","@anupjalota","@followgrubby","@KiranKhanLive","@techsavvymama"
"@smritiirani","@RobBenedict","@RogerMcGuinn","@Sigils","@swim_sajan","@JoshEberley"
"@AliAminKhanPTI","@StevePasquale","@MenenNithya","@AdamWaithe","@vfreile","@KristenhCNN"
"@MFNabulsi","@kikusharda","@AjionaAlexus","@SivHDtweets","@GareJoyceNHL","@mubix"
"@mimsdavies","@Morris_Chestnut","@howardjones","@RyanCentral_","@IamShamsAalam","@Dee_Wallace"
"@FranzFayot","@MoTheComedian","@nee_massey","@DJBLISS","@jackburnell","@kathrynbudig"
"@senbmckenzie","@TheRealMorrison","@farhan_saeed","@thevivafrei","@RedDonovan","@IdaOdinga"
"@rajnathsingh","@gautam_rode","@anupsbhandari","@KayPea","@tripalong","@DanWilbur"
"@PiyushGoyal","@patrickwilson73","@anaisabellesite","@JMXFifa","@karalynnjoyce","@sheknowshoney"
"@Avramopoulos","@sureshnmenon","@VICE2K","@tejbz","@jojolly","@Calefati"
"@ShaunLeaneMP","@HannahSimone","@johngrantmusic","@VuxxVuxx","@DianaRuggOnTV","@jenniferwilkin"
"@MamataOfficial","@varunsharma90","@TimTurnerMusic","@MuzFN","@lainehiggins17","@_MiguelHernan"
"@minGiustizia","@jonvoight","@JordansBlog","@NathanStanz","@CortneyJordan24","@DebbieHayton"
"@scullyp","@Mehreenpirzada","@EricHutchinson","@DvLZGaME","@JoshMacAlister","@Tooda"
"@nitin_gadkari","@sumona24","@daiyantrisha","@ArloStuff","@SwissDom","@jettila"
"@LSchreinemacher","@TedDanson","@ShonaBM","@Necrit94","@DebraStephenson","@bennysiauw89"
"@maleehjamal","@thesherylralph","@squideatsquid","@model8197","@jessica_jane96","@reporterjon"
"@HonEdFast","@genirodriguez","@alicesmithmusic","@ZephPlayz","@VegasAnchor","@EmmaHardyMP"
"@NabilAlSharif","@ALIBABAGCFR","@raghavsachar","@Mithzan","@becca_meyers","@informed_edu"
"@nsitharaman","@BryanDechart","@ToumaMusic","@TheSmithPlays","@csutswim","@Tim_Walz"
"@CPhilpOfficial","@ccollinsjr","@MissScabbia","@xNestorio","@NicLiv","@Bobby_Seagull"
"@DrMaryanQasim","@MalavikaM_","@RealDRothschild","@Schmittastic","@JamesGoddard83","@steventurous"
"@C_Mulroney","@R3troSp3ctro","@bankspaulbanks","@Deligracy","@heesunwee","@bobbycblanchard"
"@Swamy39","@iSumanth","@laChanze","@Jinnyboy","@ChrisJepson","@benjrooney"
"@ashokgehlot51","@PattiLuPone","@andrea_jeremiah","@mythpat","@_JasonOsborne","@jennydialcreech"
"@shinjirokoiz","@TheGigiGorgeous","@johnpaulwhite","@Carpervert","@TRSchoenmaker","@casdueh"
"@lindareynoldswa","@mrjaxtaylor","@katelynnacon","@MinnesotaBurns","@GarethGetty","@DirRajivMenon"
"@fawadchaudhry","@rohitroy500","@VictoriaAtkin","@TaborTimeYT","@Kathy_swim","@SiegelForTexas"
"@JeppeKofod","@stevezaragoza","@NikkiLeighxo","@DALLMYD","@aimee_willmott","@DineshGhodke"
"@ianuragthakur","@BonnieHunt_real","@IAmEricRoberson","@tonynorthrup","@YashJain88","@jatingandhi"
"@DrRameshwarOra1","@MalikYoba","@KatieOfficialUK","@rickbeato","@Travis_Mahoney","@adam_nimoy"
"@BadrFAlSaud","@Jaggesh2","@Tiara_Thomas","@KPRC2Dominique","@OFlynnPaul","@YoloAkili"
"@RauZbigniew","@Dannystrong","@AmirTalai","@lily_marston","@DrSylviaMcLain","@kylewestaway"
"@KTRTRS","@tanishalong","@loudmouthmuch","@justinliv","@JohannaMellis","@FabiolaCineas"
"@Khairykj","@MisterPreda","@1MissPooja","@AmyLee_thirty3","@devonlmurphy","@CharlesBest"
"@VasundharaBJP","@deebradleybaker","@KAcom","@SpawnWaveMedia","@thisMicONeill","@MaryAnnAhernNBC"
"@himantabiswa","@TanishaaMukerji","@david_wilcock","@TGE_LDNM","@ilariabianchi90","@luckydate"
"@RadhamohanBJP","@moworldwide","@YaGirlDWoods","@GCIIMessi","@ElvisVB","@jenmalone666"
"@KirenRijiju","@RobertPicardo","@johnlcooper","@Bora_Bayraktar","@MaddieGroves_","@CoachHuff"
"@chrisrdonoghue","@KatherynWinnick","@johnondrasik","@Vixella","@graceharvey767","@janetmachuka_"
"@drharshvardhan","@BrandonJRouth","@HelenAnderz","@MGH","@lukegreenbank97","@RichDuszak"
"@DrSJaishankar","@RoopaSpeaks","@drstacigruber","@TheMasterBucks","@Katarina_Roxon","@toddkliman"
"@JM_Scindia","@ralphmacchio","@JimmyBurney","@jessicakobeissi","@CraigGibbons85","@davidwade"
"@HHumphreysFG","@everythingloria","@DMurphyOfficial","@ProHenis","@freyaandersonn","@newton_jim"
"@R_Boissonnault","@Vedhika4u","@XtinaBianco1","@HumzaProduction","@lewsmith88","@gemmamerna"
"@stuartrobertmp","@daz_black","@MariaConchita_A","@ProJared","@ChrisSikich","@DonBurgess_"
"@DrJitendraSingh","@yoursanjali","@TaraSlone","@sehnaoui","@marge_farrell","@AsmGarcia"
"@DefenceMinIndia","@SamWitwer","@johnowenjones","@AGamingBeaver","@TaylorWBAL","@meditationbob"
"@PiyushGoyalOffc","@adah_sharma","@ASHRISER","@EmilConrad","@JCrispy24","@evanwolfson"
"@kbsalsaud","@NazaninBoniadi","@janson_chris","@Hevesh5","@jak_scott","@cvivianstringer"
"@Gen_VKSingh","@Scroobiuspipyo","@KalisWorld","@DaTruthDT","@virdhawalkhade","@teachmama"
"@IdreesZaman","@MarkRPellegrino","@officialnikkiy","@ModernVintageG","@jameswilby","@moyazb"
"@vijayrupanibjp","@pathakvinay","@WonhoChung","@cbassg16","@Matt_levy87","@alomshaha"
"@aalswaha","@SeanPenn","@justinbriner","@Juicetra","@kimberleyswims","@nikkideloach"
"@SusanBaroness","@RogerCraigSmith","@keisha_buchanan","@ChefResha","@MichaelGunning1","@MatthewCappucci"
"@M_Lekhi","@pranitasubhash","@AlexaGoddard","@_ZoeTwoDots","@lauraejjohnston","@AarikaRhodes"
"@SpokespersonCHN","@IfyNwadiwe","@Archanaapania","@SachaStevenson","@Booth1998Booth","@VarkeyFdn"
"@Naveen_Odisha","@briandarcyjames","@pastorjnelson","@Jaime_Rivera","@M4ttRichards","@rscibetti"
"@drayeshaverrall","@rparthiepan","@IzzyBizu","@ShowDownBeatz","@bradtandy02","@srijanpalsingh"
"@bjpprakashmehta","@ramonasworld","@jasonmanns","@Wizzrobe","@JackThomas1995","@shaileshkapoor"
"@markdurkan","@ashwinmushran","@scottsigler","@ChadWithaJ","@ReeceyDunn","@iratrivedi"
"@vpo_tanzania","@satishkaushik2","@jenlion","@ChloeAmandaB","@JJadhonWDBJ7","@jessicard"
"@Shafqat_Mahmood","@swanandkirkire","@mauricekirya","@RealMaxtern","@stevebevis","@SoniaChangDiaz"
"@mkstalin","@lennonparham","@RameetSandhuu","@QuitePerry","@earlcole","@DWattsWords"
"@LilyDAmbrosioMP","@sally_field","@SteadmanArt","@Pyrobooby","@Tilly_Gray91","@MikeyUnderwood"
"@team_greenhalgh","@isudheerbabu","@_ClaireRichards","@keisha_buchanan","@Dichtel","@DermotTodayFM"
"@MAAljadaan","@EchoK","@Pearlie_mack","@ItsShake4ndbake","@JDSmithMedia","@Mufti_Yasir"
"@Khalid_AlFalih","@RamKapoor","@DaniMozMusic","@akapluu","@E_A_swim","@christinanthony"
"@vijayanpinarayi","@realjonlovitz","@TheLeeGreenwood","@UnlistedLeaf","@xharrietx1991","@imalbertoalonso"
"@milinddeora","@JudithLight","@JHartMusic","@Lethamyr_RL","@MaggieLaMereTV","@evankaosmak"
"@arjunrammeghwal","@sebroche","@MarvinJonesJr","@TrulyNoah","@JavAcevedo98","@lovelotssabrina"
"@naqvimukhtar","@TheRashamiDesai","@LukeKempner","@willyleeadams","@norgillespie","@CuttinosLife"
"@mitchelloconnor","@SethShruti","@imKamaalKhan","@DianaChantel","@CaitMcClatchey","@sarazarrbooks"
"@mansukhmandviya","@garyjkemp","@thebenforster","@JeanineAmapola","@sarahvasey96","@colin_dunlap"
"@svenmikser","@gregsestero","@abcstacia","@LAHWF","@o_wile","@dpkpillay12"
"@Melissa4Durack","@Gautham_Karthik","@ArkoPravo19","@sallylepage","@sussexnatalie","@KBibbinsDomingo"
"@RajivPratapRudy","@andynyman","@TheAustinPorter","@EarnWithSapna","@JustJenKing","@keyonharrold"
"@nstomar","@anusuyakhasba","@TylerJames777","@MLSGabor","@_heycamilla","@AdrBell"
"@DrMuradPTI","@AshleyWalters82","@AlexisMateo79","@Deestroying","@BethanyFirth2","@Steviegrieve"
"@MinisterDisPpl","@ritaUdominic","@ambermark","@Cheeseaholic_YT","@sweetpmac","@bristahsouljah"
"@byadavbjp","@BrittanyFurlan","@JoshBkelley","@easybreezylive","@davellisgb","@Adyashanti"
"@MichaelEDyson","@sarahcolonna","@donelljones96","@NathanielBandy1","@zzona13","@CyndiStivers"
"@JamesMerlinoMP","@GreyDeLisle","@Kyesones1","@YdeGaming","@Aliciamwilson1","@khurshed"
"@MinisterNSBablu","@dominiccoop","@clairesweeney","@devdevnumnums","@jessetheswimmer","@gemma_gibbons"
"@DVSadanandGowda","@KimVFields","@shrutipathak9","@heynadine","@anitaaalvarez12","@veronikellymars"
"@plmeenaINC","@tokstarr","@LaurenGallaway","@GeminiTayMC","@mattwylie96","@RachelBrathen"
"@patelishwarsinh","@adilray","@DUANEALLEN","@eagereyes","@leon_marchand","@ScottMcGrew"
"@AbdirizakOm","@ShalyahEvans","@ChaleyRose","@Cameronfous","@ticia_martinez","@BeckyPringle"
"@Minister_Remmel","@MicaBurton","@madmcferrin","@TheNasher61","@LaurenAQuigley","@TonyYazbeck"
"@kishanreddybjp","@trutriciahelfer","@laurenchandler","@jamieperkins","@TayCorry","@LenMandy"
"@AshwiniVaishnaw","@DavidOtunga","@sashasublime","@AeroViro","@TullyKearney","@jaymichaelson"
"@Inayat01","@alfonso_ribeiro","@Sam4TR","@SoloRenektonLoL","@Ge0rgiaDavies90","@danamlewis"
"@JoshiPralhad","@MalcolmJamalWar","@boblorenz","@Brendanvanson","@RickKennedyTX17","@pwdan"
"@FijiAG","@exitthelemming","@annemurray1","@LabMuffin","@MrGrantTurner","@DominicColon"
"@PatBreen1","@Joannahausmann","@will_roland","@jhennyUFC","@OttoPutland","@ChuckyVenn"
"@Rajeev_GoI","@shreyastalpade1","@elaine_paige","@JJ_McCullough","@sportonic","@Mr_A1Hunt"
"@DrMNPandeyMP","@sushant_says","@SEP","@KayKayEsss","@xxebobxx","@CatMeffan"
"@sherryontopp","@Sibi_Sathyaraj","@MilesDavisMoody","@SeeReax","@Danielle_FBD","@WestmorelandATL"
"@PemaKhanduBJP","@ImRichardYap08","@IamImanOmari","@iHartbeat","@jeremybagshaw","@DCockle"
"@Mayawati","@amaurynolasco","@JohnnyRuffo","@RebelTaxi","@maisiee26","@JSCollinsAP"
"@timpallas","@ToddStashwick","@keatonsimons","@dollybowbow","@thomasbhamer","@AttyAbdul"
"@paulgivan","@standup4justice","@NiecyOfficial","@jasonbroccoli","@Kyle_Stolk","@SammyObeid"
"@TheRevAl","@SureshChandraa","@emilycrockett","@KristinJohns","@anika_gauja","@MikeJohnstonCO"
"@VMBJP","@RahulDevRising","@ChesneyHawkes","@shaunattwood","@Dawson_Kathleen","@davidcuen"
"@AnzeLog","@jscandalp","@Irenentale","@JessiiVee","@HelenVaughan24","@JavedKhanCEO"
"@chrishipkins","@RealKrisDLofton","@whitneyavalon","@cbake76","@JoeRoebuck","@ElisaCardnell"
"@BabuKavlekar","@4lisaguerrero","@PeteLoeffler","@geeklyamanda","@dkoellerwx","@janicejackson"
"@Babsy_grange","@greggturkington","@Aparnabala2","@Bowens_Official","@beckyredfern99","@EdwardMaya"
"@JacintaAllanMP","@TommyWiseau","@RichardCheese","@C4EAsh","@srihari3529","@indiarama"
"@ajaymaken","@executivegoth","@demimckinney","@MISStiffanyMA","@cdoering","@Gojones623"
"@BjpBiplab","@kingvader","M@","@imPelleK","@sarawrites","@Biggan4Congress"
"@SangmaConrad","@Co_Mill","@NtokozoMbambo","@MightyKeef","@MatthewJRudd","@suzywhaley"
"@capt_amarinder","@DanielMays9","@SuzanneShaw","@KneWKeeD","@swima_chadho","@MathiasMpuuga"
"@ShuklaRajiv","@robertcarlyle_","@benadamsuk","@SirTagCR","@claudiaholzner","@LarryJoeCampbel"
"@AhmedAlKhateeb","@seangunn","@jakeworthington","@Daisyy_Michelle","@jgillanNews3LV","@QDemps"
"@drmoore","@richyricha","@seantroversy","@wardcarroll","@laurakjs99","@xjelliott"
"@JarrodBleijieMP","@impradeepmachi","@RealTimBooth","@Jack54HD","@david__thompson","@EzraNBC"
"@LisanevilleMP","@StephanieJBlock","@PastorMattHagee","@smg4official","@ElkaWhalan","@aisydaly"
"@NBirenSingh","@rachelparris","@RachelShenton","@impulseSV","@KatieAnneTobin","@SenPolehanki"
"@CMODelhi","@JimOHeir","@MattMcAndrew","@ollypike","@MikeyJones180","@CamillaDallerup"
"@Neiphiu_Rio","@shethvatsal","@nirupamakotru","@BlargMyShnoople","@craigrodgie","@aoibhinn_ni_s"
"@BruceRalston","@Kosine","@Stormof69","@jaimestaples","@MaryWTHR","@pagepatrick"
"@willieodeaLIVE","@JaredHarris","@sjademusic","@cubfan135","@tamitremblay","@ChipFu"
"@shripadynaik","@Nushrratt","@krisalderson","@AD_Humphreys","@docphelan","@SenBillFerg"
"@sam_adeyemi","@trevorgumbi","@DaveSheinin","@russellhantz","@ConorMunn","@RobinMazumder"
"@PChidambaram_IN","@karishmakotak","@SIEDAHGARRETT","@Slysssa","@10MonicaWoods","@dcuartielles"
"@PRupala","@MarcuscollinsUK","@hperalejo","@JemelOneFive","@lizNbaker","@_surgeonjaved"
"@NouraAlKaabi","@RandyRRQuaid","@justleon","@JevenDovey","@whitfitzsimmons","@anilaali"
"@trsharish","@CarterJenkins","@Mike_Batt","@rilaccoco_","@Lyndonlonghorne","@deborahgist"
"@JMakamba","@DavidBHayter","@RichOToole","@Vinny","@annahopkin","@ShivaniChopra_"
"@GregRickford","@anitahasnandani","@krisgarcia_cruz","@MarleyThirteen","@lisamovius","@PinzonDiego"
"@DarshanaJardosh","@NicolaAdamsOBE","@crystalbowersox","@Akshay","@michaelauprince","@BillHeckyes"
"@siddaramaiah","@negaoryx","@alisanporter","@AyrunTV","@WilliamVerity","@MJMadda"
"@PatConroy1","@BrizzyVoices","@the1res","@Samkingftw","@WVLTBrittany","@SalAlbaneseNYC"
"@markcourelive","@mrjakedwood","@sivaangi_k","@anthpo","@MariSchaefer","@PiersTorday"
"@ShatruganSinha","@jonmosesvocals","@AzizNakash","@BoundaryBreak","@JWalsh_91","@DavidLRubongoya"
"@JaredSawyerJr","@vanityparty","@MarkWillsMusic","@Djbrianrikhotso","@joelitchfield","@BelizeanBruiser"
"@DrHussainHassan","@robbiedaymond","@Ponty100mph","@sashaalsberg","@AnnaHaecherl","@stephmerry"
"@ahir_hansraj","@SamPalladio","@LexiCUnderwood","@dcfreestyle","@JamesThomasHere","@TKGore"
"@yairlapid","@uchejombo","@imPelleK","@LucyWyndhamRead","@stephenclegg95","@LeonTaylorGB"
"@DesmondTSLee","@actormanojjoshi","@SandiPattyP","@karleesteel","@SimoneLuker9","@palan57"
"@Rao_InderjitS","@THETomSavini","@AndrewPeterson","@mikekorz","@ryosuke_irie","@swholdren"
"@trussliz","@TonyBakercomedy","@ThePaulButcher","@Tekking101","@kitajimakosuke","@GlobeEricWilbur"
"@jitu_vaghani","@JohnnySibilly","@elilieb","@James_s_welsh","@onacarbonell","@Vicki_Clark"
"@CHARANJITCHANNI","@KentMoran","@philvassar","@OlliHull","@VickiLucass","@scottheisel"
"@rwynnemp","@NickStopTalking","@Xolo_Mariduena","@EndigoSkyborn","@Manaudou","@GinaBullardTV"
"@Kevinandersonmp","@WillieTaylor","@LaytonWilliams","@martincasaus","@sylviacolombo","@hereinid"
"@RajKSinghIndia","@bitterasiandude","@brettdennen","@Adam_byt","@FlorentManaudou","@LauraSaltman"
"@ShireenMazari1","@NicoleAMaines","@rajivdhall","@Deadlyslob","@satomi_bomber","@PaulAllor"
"@IngridStitt","@NicholasFerroni","@sharleenjoynt","@kelseydangerous","@thiagopereira","@lmjday"
"@SayeedaWarsi","@RealVinduSingh","@mindywhite","@DoubleH_YT","@joschooling","@RajanNS"
"@ShobhaBJP","@OlanRogers","@racheladedeji","@DFreeDBZHD","@mforok","@Rachel_Simon"
"@nityanandraibjp","@denisohare","@Sharon_Corr","@MesaSean","@FemkeHeemskerk","@ShelleyWare"
"@OfficeOfRKSingh","@grahammctavish","@thefabulouskjg","@RerezTV","@erikavillaecija","@philipberne"
"@Mursalkhaliif","@HarshKapoor_","@kpattengale","@brittoldehoff","@junya_koga","@AsmPatODonnell"
"@ptrmadurai","@AftabShivdasani","@JMatthiasFord","@tedforbes","@RicardoTen_","@thatlauraruby"
"@ZacGoldsmith","@BebeNeuwirth","@_AshleyDarby","@brookmcknight","@Ryo612_swim","@tranquilotravel"
"@Anurag_Office","@BrookeShields","@rebeccakcrews","@JamesKerLindsay","@hanaesty","@terripearsons"
"@prithvrj","@iamSushanthA","@andyallo","@MintBlitz","@BousquetFred","@shaungroves"
"@Nitinbhai_Patel","@charstarlene","@BethHart","@Z_Humphries","@runa_imai","@ShamashAlidina"
"@dr_satyapal","@itstarekali","@CarolynneUK","@JarradHD","@gaabironcatto","@517design"
"@Anne_Ruston","@realjoeswash","@nicholenordeman","@itssunpi","@UchuTomita","@DinaEastwood"
"@Dhuratas","@JasonWGeorge","@ArielleDombasle","@ErinRobinson","@Luca_Marin","@BrettPransky"
"@MundaArjun","@karantacker","@KeshiaChante","@DotoDoya","@bomber_orsi","@aarickawash"
"@kcvenugopalmp","@BisHilarious","@SamanArbabi","@BayAreaBuggs","@AlexMeyerSwims","@RitaJosephNYC"
"@Bhupendrapbjp","@themohanbabu","@Shakerthis","@Jfla","@matt_cowdrey","@TopDogTeaching"
"@nils_clarke","@celestebarber_","@jasonmarvinph","@Aaryn_Williams","@NicholasSantos1","@DaniFankhauser"
"@BJPShivPShukla","@sayantika12","@garethicke","@LandonAustin","@Saantigrassi","@christinastriga"
"@edballs","@krishoffl","@pbn","@LarryBundyJr","@alberto_maki","@GrahamPerrettMP"
"@ACarbinesMP","@BrandonVDixon","@caitlynsmith","@druwakely","@KathleenHersey","@askhimanshurai"
"@SteveMinnikinMP","@brantdaugherty","@TheRealPhilX","@clintonjeff","@MarcoDiCarli","@MalikaDudley"
"@Dr_Elioda","@CourtneyBVance","@chuckfcknbilly","@JoeTasker","@cassiewild2","@lorenpiretra"
"@Murugan_MoS","@kyrasedgwick","@sanjaysub","@asmrglow_","@ShireenSapiro","@matkiwi"
"@GayleTierney","@JacksonRathbone","@sierrahull","@TylerLayneMusic","@SGTMarks","@JoshMacAlister"
"@praful_patel","@sanjaysuri","@dsathyaprakash","@TheCaptainSauce","@o_nuriamarques","@jelmerevers"
"@HarsimratBadal_","@NANDAMURIKALYAN","@WilliamMatt22","@itshaileyreese","@canteroswimmer","@danielfeehan"
"@crchaudharymos","@mfhorne","@gabebondoc","@abhishektelang","@benschwietert","@liamwilson"
"@HonJulieBishop","@JimBelushi","@Brandoncolbein","@Vtuber_Moe","@mackdarragh","@ctrembz"
"@Jairam_Ramesh","@benjaminbruce","@BonnieBellG","@wode_maya","@felipelimasw","@fehler"
"@jeaniedendys","@BennyDRAMA7","@pragathiguru","@RikkiRockett","@JaumLuiz","@MirzaABBaig"
"@ZoeBettisonMP","@TheMickyDolenz1","@martineofficial","@Liron_Segev","@NaFigueira","@FarsightedGirl"
"@James_HGriffin","@sungkang","@Clint_Black","@Arya__Lee","@JoPothain","@SoniaFurstenau"
"@shamma","@renukash","@prernagupta","@missemmawalsh","@GDetti","@ChristinaAsquit"
"@DawnButlerBrent","@BlakeMichael14","@jen_lilley","@sujavarunee","@Aure_Muller","@JulieDepenbrock"
"@DedonderLudivin","@GillesMarini","@alanfletcher","@Sheikh__Akbar","@aartiles24","@randyribay"
"@BenCarrollMP","@jeffcannata","@bradders_david","@redlianak","@MellouliOussama","@TinaMalone23"
"@Saidhuseniid","@JessicaMcKay","@GrantLawrence","@LucyJaneWood","@maria_delgado97","@brindlecricket"
"@DebasreeBJP","@_ravidubey","@paulsmithmusic","@LordKnightBB","@mnmnch","@Vetter31"
"@MickdeBrenni","@MonicaSDogra","@DanielleBisutti","@LittleZ","@JanPovysil","@MicaxoMica"
"@selinarobinson","@afdlinshauki","@wurdsmyth","@realisticsay","@dsliwinski90","@JoePCunningham"
"@falibrahim","@kirkacevedo","@JamieWebster94","@swimiller","@Bruno_OrtizCan","@mrs_lerner"
"@VarshaEGaikwad","@mrdougellin","@VictoriaTheo","@Stockstudy8","@AitorMartinez46","@ale_santorum"
"@BSBommai","@SethWickersham","@AriannaDantone","@CarbonFin","@ClevelandAFR","@alfonsocasadot"
"@KateRWashington","@EricBana67","@hridayg","@jimmychampane","@James__Roberts","@terylrothery"
"@natwardmlc","@hellomeganlee","@carmen_cusack","@Alex_Bertie","@GrahamEdmunds","@JustineKenin"
"@DrSubhashMoS","@Alex_Sparrow_","@abhijeetsawant5","@DaisyCousens","@AudreyLacroix","@nickiadanza"
"@AshwiniKChoubey","@Nikhil_Dwivedi","@emmaswiftsings","@dominicphillip","@tponce87","@lodrorinzler"
"@TIRATHSRAWAT","@Hashtag_Jameson","@DannyCountKoker","@BFordLancer48","@CraigBenson94","@seattlesketcher"
"@shiblifaraz","@robertpatrickT2","@kelleighbannen","@phantasyftw","@Doug_E4","@jacklin_tony"
"@RajapaksaNamal","@robinlordtaylor","@ShakthisreeG","@RobLipsett","@AshaRandall","@HartsonForCA"
"@PennyMordaunt","@JJHamblett","@cherylfergison1","@hypnotizd_","@Jhennifer_AC","@teelareid"
"@NYGovCuomo","@lukajones","@leemeadofficial","@JimHeathTV","@JasperAerents","@BenjaminZander"
"@govkristinoem","@LydiaHearst","@Birdman_Bmd","@AceTrainerLiam","@AriEdoBeltran","@priyalakhani"
"@GovMikeDeWine","@AdnanSamiLive","@michaelxavierUK","@ChynnaPhillips","@CraigBMcNally","@jseglin"
"@MassGovernor","@tyraaross","@Pankajkudhas","@SyntacYT","@DylanAlcott","@Nick_Sciria"
"@CAgovernor","@23_rahulr","@AREJAYHALE","@Marrentm","@Stako_tennis","@shawry_analyst"
"@GovLarryHogan","@MarkTacher","@kevinmax","@EckhartsLadder","@SamGrothTennis","@JJMcCleskey"
"@GovernorBullock","@JaymiUJWorld","@roachkilla1","@EqwaakTV","@KasiTennis","@CathyMyersWI"
"@VAGovernor73","@atul_kulkarni","@Dan_Brocklebank","@CarlCunard","@DodigTennis","@caseykreiter"
"@NC_Governor","@tiffstevenson","@jukiokallio","@Royalistiq","@rogerfederer","@drbdeangelis"
"@GovHolcomb","@toneBell","@jamessmithvocal","@kronten","@RafaelNadal","@nickmelvoin"
"@IAGovernor","@JamesDash","@GregMulholland1","@ryandolanmusic","@MiamiOpen","@VoteGloriaJ"
"@GovernorKayIvey","@MEGBusfield","@Jason_Upton","@TheWebbieShow","@delpotrojuan","@AustinTheriault"
"@GovMurphy","@iamKENNYLEON","@alsilbs","@MiGoOk_SaRaM","@TennisFITZY","@LaRonHines"
"@GovKaduna","@pnavdeep26","@GarofaloWX","@TheFishou","@LawsonTennis","@prabhusean7"
"@GovNedLamont","@Simi_Garewal","@zubeengarg1","@christoaivalis","@Venuseswilliams","@mandy_mclaren"
"@GovInslee","@HumorouslyVipul","@gw27","@HarrisonHoude","@Gael_Monfils","@ericweiskott"
"@GovAndyBeshear","@mannystreetz","@Brent_Cobb","@KieronSFF","@rohanbopanna","@OdeOsbourne"
"@GovKemp","@AlexRendell22","@Xandermusic","@LaughItOff","@JohnIsner","@wolfewylie"
"@GovTimWalz","@Charliecondou","@RichwoodMuzik","@MaryAkemon","@NickBollettieri","@lutzfernandez"
"@WVGovernor","@SufiSartaaj","@morganajames","@alexadonne","@Astro_FarmerBob","@mwilsonGA"
"@GovPhilScott","@RiderStrong","@GabrielleUk","@tabassumgovil","@milosraonic","@marvinfreeman84"
"@GovHawaii","@riturv","@SayconSengbloh","@AliBrustofski","@CocoGauff","@yummololaberry"
"@GovMattBevin","@carriepreston","@forgetcape","@KssarPlayz","@evanasmith","@drdoak"
"@JohnCarneyDE","@itsmeeshashafi","@MargotBingham","@RockyKanaka","@ChrissieEvert","@WhiteRhinoRay"
"@GovernorTomWolf","@DeejayKnight","@labisiffre","@YaBoyRoshi","@cilic_marin","@robinschaer"
"@GovLauraKelly","@ChevyChaseToGo","@ImCharlieHealy","@BupsSaggu","@tomasberdych","@MatthewDicks"
"@LtGovFlanagan","@EllieJaneTaylor","@reggiesears","@Glowpinkstah","@ThiemDomi","@MrDanielBuck"
"@GovParsonMO","@HarveyFierstein","@dentmay","@theedgar501","@Simona_Halep","@MrDtimes3"
"@jdhankhar1","@keviclifton","@Rita_SOfficial","@malloryervin","@MonicaAce93","@thequeenmehreen"
"@Hickenlooper","@alexmlange","@scarlettrabe","@johnehoover","@mhingis","@ShaneDuff72"
"@GovernorLittle","@macantone","@EmiMeyer","@NotMengele","@manikabatra_TT","@vytasyoga"
"@LtGovDelhi","@shanewest","@jimettarose","@GregFPS","@iga_swiatek","@triciacotham"
"@WAStateGov","@ramjowrites","@Kodileerocks","@DatBrianYT","@Madison_Keys","@craignewman"
"@LouisianaGov","@meramyakrishnan","@rvijayprakash","@AdamKoralik","@KaPliskova","@CieraPayton"
"@GovDunleavy","@AshGowariker","@terryfator","@JROD_HD","@paulabadosa","@AgnewsDei"
"@JohnKasich","@Purab_Kohli","@itsShalmali","@mylifesuckers","@BobCusack","@CallForCongress"
"@dougducey","@jginorton","@SawyerFrdrx","@John_Malecki","@ElinaSvitolina","@hashtagfiggy"
"@GovernorGordon","@brendanrobinson","@cdjmusic","@RuslanKD","@AmerDelic","@saddiwashington"
"@GovBillLee","@MekhiPhifer","@celebshowoff","@eDatingDr","@chris_eubanks96","@bobbycronin"
"@GovWhitmer","@trevorjackson5","@nitishwarKumar","@AkshBaghla","@VivekGRamaswamy","@freqnasty"
"@louleonguerrero","@OrangeJuice","@PriyaSaraiya","@debasreee","@Ajlatom","@APT1337"
"@AndyBeshearKY","@shraddhadas43","@WilliamCGreen","@D4nnyMusic","@caseydellacqua","@axelgerdau"
"@GovChrisSununu","@IMBrettDalton","@TheFrankBello","@OrlandoInTheChi","@prim_siripipat","@chloehamilton"
"@QldGovernor","@TommyPistol","@davidclowery","@ProdByWalkz","@dansimonreports","@davidcfrancis"
"@GovAbbott","@TonyTodd54","@BebeBuellBand","@lakshmirebecca","@DonnaVekic","@Loukas_RS"
"@waltgov","@IanZiering","@meiko","@CiViX","@vikramix","@AreuCathy"
"@LtGovColeman","@jonhuertas","@queen_v21","@themaddiebruce","@RajeevRam","@TonyVargas"
"@GregAbbott_TX","@Al_Letson","@kyle_park","@CesarFever_","@AlizeLim","@CoghlanFiona"
"@GovKathyHochul","@kojoanimlive","@AntArtist89","@cryptojack","@arodionova","@StefaniSchaefer"
"@RalphNortham","@BillyDec","@mikehoughmusic","@Kristel_CLE","@janniksin","@CassiCompton"
"@GovChristie","@KatyFBrand","@KSChithra","@CDawidowicz","@ChristinaMcHale","@newsmanone"
"@onetoughnerd","@am_kathir","@jasoncmiller","@Gone2theSnowDog","@luciesafarova","@ftyl"
"@PhilMurphyNJ","@IamJagguBhai","@MoAnsar","@TheDanocracy","@alexdeminaur","@KatlynGambill"
"@DougBurgum","@ShadiAlfons","@TherealCANDIACE","@KasualZenkai","@tamira1990","@eddiejmauro"
"@CALtGovernor","@LochlynMunro","@PaulYoungParlez","@vivekrpatel","@HubertHurkacz","@MikeForKY"
"@HolcombForIN","@maxehrich","@Lisa_Matassa","@Caleb_Denison","@Shelby_Rogers_","@darrincamilleri"
"@GovHerbert","@TedDiBiase","@RealSusanPeters","@TheJoeDelaney","@johnhmillman","@ChinaJoeFlynn"
"@TCIGO","@TheMilesLuna","@Shirliekemp","@srihari3529","@JamesWardtennis","@ReShondaT"
"@AsaHutchinson","@kyliebunbury","@AkasaSing","@jamiesinclair21","@p2hugz","@MXavierCarrigan"
"@GovernorPerry","@LPinderOfficial","@Lucas_Ludwig0","@RenaMalikMD","@Dutzee","@GeorgeHawkinsDC"
"@GovStitt","@RachelTrue","@Chita_Rivera","@DaveRage","@jesus_jimz","@kenoxendine"
"@LtGovTimGriffin","@PhyliciaRashad","@JonathanYMusic","@iamEboyBautista","@toddwoodbridge","@Suzy_Crawford"
"@iamwesmoore","@RickMalambri","@Jelliofficial","@JBickertonUK","@KarmanThandi","@manojsaxena"
"@BillHaslam","@BrockBaker","@RissiPalmer","@MazBONAFIDE","@Ons_Jabeur","@rdietz55"
"@GovRicketts","@offl_Lawrence","@cobhamsasuquo","@OnlyNikkiBowers","@colin_fleming","@thomallison"
"@HassanAliJoho","@MagdaSzubanski","@iamzafargohar","@nurkfpv","@SofiaKenin","@RanjitVDeshmukh"
"@FLCaseyDeSantis","@brianjoralvarez","@brendan_m96","@SLOplays","@nagalsumit","@ryandilbert"
"@OregonGovBrown","@winkywiryawan","@MILCKMUSIC","@kelsiidaviess","@marcelomelo83","@SydneyShadrix"
"@judy_foote","@shanvisrivastav","@rilaccoco_","@therealscribe","@Riske4rewards","@JosiahMSUPrice"
"@GGCanada","@Tobolowsky","@EllapaigeMusic","@CaseyRain","@JLPegula","@_ball_is_life23"
"@GovMLG","@sean_m_maguire","@TomShanklin","@Bigsmoot_94","@nenadzim","@MrJonLott"
"@henrymcmaster","@curtisisbooger","@SeinaboSey","@CantadaForce","@AllaK11","@TulsenTollett"
"@GovPritzker","@RobertBEnglund","@SabrinaBryan","@AchterklapErgin","@Vijay_Amritraj","@thesteveway"
"@markrobinsonNC","@OYERJALOK","@AntonStephans","@merleeshay","@TimeaOfficial","@SparkMiddleton"
"@9thFloorAZ","@MarySteenburgen","@JenniferJChung","@LeErinNicole","@deniskudla","@TJCotterill"
"@RepVernonJones","@Corey_Feldman","@HeleneHorlyck","@nickmgray","@mariasakkari","@britinidangelo"
"@maha_governor","@WilliamHMacy","@missjuliebrown","@PIMPNITEYT","@SJohnson_89","@UTheKnockOut"
"@GovSisolak","@TimmyDaly","@curtmega","@TheSaraHolmes","@DelgadoJamie","@heymrshallahan"
"@GovernorOdisha","@ArdenMyrin","@Gustav_Wood","@amiraborders","@ankita_champ","@MichelleHinni"
"@GovofCO","@johnnypemberton","@LuvbeingShanice","@AndehChun","@kikibertens","@DanaMorse_"
"@KeralaGovernor","@thejohnsalley","@Max_Kerman","@SamAutumnRuin","@CasperRuud98","@joethomas800m"
"@SDGovDaugaard","@jairodriguez","@ElisaRockDoc","@marimur","@bambamsam30","@melissawatsonf1"
"@GovEvers","@ItsMePragya","@illaj","@PhotoGuides","@elise_mertens","@cummings2020"
"@Gov_Martinez","@realmatbaynton","@OfficialMiaRose","@RaspberryPiGuy1","@cam_norrie","@GailDeGeorge"
"@GinaRaimondo","@2D_ENTPVTLTD","@erikaheidewald","@MeganADavies","@lapstar11","@bobgreenberger"
"@GovernorMarkell","@seecharlottej","@wschamberlain","@cyrilzuma","@puravraja","@SenSusanRubio"
"@andrewcuomo","@JoshOConnor15","@sajjad_official","@RealTimMalcolm","@melanie_oudin","@M_Roper96"
"@GovRaimondo","@GarrettRWang","@mikehalltexas","@Hindash","@JanmikeGambill","@JulieWilcoxWX"
"@GovernorPataki","@KhleoThomas","@rodtalks","@DL_ZuuS","@ShintaroMOCHIZU","@KarenSFreeman"
"@GovJayNixon","@gilbirmingham","@mandyharvey","@RatherNazaket","@nealskupski","@StephenHart30"
"@KariLake","@EddieGriffinCom","@LeslieUggams","@VoiceOfRitu","@jennifurbrady95","@cat_stanton_"
"@GovernorVA","@JohnCMcGinley","@actualmontaigne","@Mahelx","@mattebden","@jackiemader"
"@LtGenGurmit","@MahatOfficial","@kellydrbrown","@simashakeri","@SachiaVick","@iamfinlay"
"@LarryHogan","@JessMarieGarcia","@BCJean","@AnjerX","@HyeonChung","@Luke_HSS"
"@RoyCooperNC","@LeeandLie","@Desmond_Mary","@tweet2prashant","@MRusselltennis","@chrisahrens"
"@LtGovNunez","@RealBillDuke","@fionabevan","@kcostalos","@tarodaniel93","@dmorris_11"
"@VP","@LukeMitchell__","@LeahWestMusic","@lovesweatandfit","@aselipsky","@JillianMacLaugh"
"@GovCTW","@SunnyMabrey","@CarolZhao95","@adireddyfantasy","@anakonjuh","@RepDanMiller"
"@Cal_OES","@PaulEalyMooney","@DerekKingOnline","@OfficialBLD","@ChadGraff","@AoibhinGarrihy"
"@katenrg","@AthenaPalmer_FG","@Sandramccracken","@_SallyJo_","@shingokunieda","@JCording_26"
"@LtGovOliver","@Paayel_12353","@DJINEE","@parisbosserman","@kristieahn","@ImGeoffreyOwens"
"@IALtGov","@TheREALRIKISHI","@whitneyduncan","@PekinWoof","@Struffitennis","@SairaWPLG"
"@BangkoSentral","@iamshafaatali","@LanaMcKissack","@wordplaytjay","@CoachSharkz","@Billforny24"
"@LtGovStratton","@Rotimi","@Nakia","@oliverlamwatson","@zhangshuai121","@Called_To_Move"
"@ScottWalker","@AnthonySHead","@TrevorTBDM","@CforCibi","@mmccarroll1","@LeeVGaines"
"@GovernorsOffice","@ThePeterPaige","@Jfla","@90feetfromhome","@queen_v21","@HonSeninde"
"@LtGovHusted","@CliveStanden","@AdrianMarcel510","@FlashTheRacer","@k_skupski","@sallyriley_8"
"@LtGovPinnell","@alinuhu","@tomlister","@GamingTallen","@BjornFratangelo","@jeremyfhj"
"@GovPressOffice","@PoornaJags","@lolaadesioye","@TheRealMikiYork","@divijsharan","@Katrin_Long"
"@GovJanetMills","@imjaybhanushali","@RachelAGoswell","@_romansadovsky","@A_Pivovarova","@APugliese_"
"@TomWolfPA","@prateikbabbar","@CharlieAngusNDP","@SekayiTigere","@MagdaLinette","@frances_hubbard"
"@stevebullockmt","@iamedigathegi","@JeffreyAdamGutt","@iharibaskar","@nastiaapotapova","@heatherasimms"
"@GwenWalz","@TomSandoval1","@DevinAI12","@mraspinall","@CarolZhao95","@azizahmadohio"
"@GovernorNanok","@CheechMarin","@YoungMusicGod","@darkestzio","@marta_kostyuk","@ThomasMelissaWx"
"@LGJustinFairfax","@ElspethEastman","@GiaMantegna","@LeclericShow","@johnwpeers","@jaimecastleOH"
"@LGMandelaBarnes","@tomlenk","@LisaMoorish","@ahmedmeeranoffl","@oliviarogowska","@leslaine"
"@JimJusticeWV","@benfalcone","@GilMcKinney","@craigzillaburns","@PutintsevaYulia","@gcatchpole_13"
"@MediaRN_ANI","@dulcesloan","@thekellymantle","@MatthiasBuehler","@jordanthommmo2","@PerryEaton"
"@GovDanMcKee","@Finessemitchell","@james_a_michael","@vb_ci","@Jamie_Hampton","@bmorelli"
"@PaperboyPrince","@JDonOfficial","@WeWantEbie","@MattOLearyNY","@jamesmcgee01","@HackettCongress"
"@GvnMandago","@JoelMcKMiller","@livwarfield","@ColoradoURB","@CatyMcNally","@iammelissalori"
"@governorap","@SurbhiChandna","@Anastasiamusic1","@thehangrywoman","@filippeliwo","@JSampoMMA"
"@DiversifyNevada","@AsherMonroe","@RichardWisker4","@ytcreatorsjapan","@Kibsta91","@StorminNormC"
"@ChrisSununu","@Vandiekins22","@BrockJays","@tomikku","@MikaelYmer","@comedianeddieb"
"@BarchokHillary","@hannahmarks","@lovelotssabrina","@JuanSGuarnizo","@JelenaOstapenk8","@lilneumy"
"@GovGianforte","@rclark98","@MayraVeronica","@Fernanfloo","@IrinaFalconi","@LisaMBel88"
"@coxforgovernor","@ImranAbbas","@BonniePaulMusic","@Kate_Clapp","@mitch_krueger","@JasonCT"
"@nataliebruno","@georgenewbern","@Official_JES","@Inoxtag","@Jonny_OMara","@RyanMiller_WX"
"@RickStewart","@jonculshaw","@PaulJolleyMusic","@DanielSamperO","@MichaelMmoh","@JoeMiller4Ohio"
"@027gps","@MiaYim","@mikefinger","@RytoSle2","@ebutorac","@web_stirs"
"@ltgovmeyer","@welliver_titus","@AndyDayTV","@alexandregarcia","@TaraMoore92","@TrishDoyleMP"
"@KarenTesterman","@Jisshusengupta","@AndyMerry_","@kantamizutamari","@moutet99","@_GillianHarris"
"@LtGovToland","@lucastill","@MarciRobin","@viihtube","@alekswozniak87","@jpmoseley"
"@IshakuDarius","@sharibhashmi","@BABBALRAI9","@Gotaga","@Louisa_Chirico","@Pamela_Butchart"
"@aaron4az","@DebraDiGiovanni","@LexGillette","@ndahoFischers","@PMoggio","@hopkins_maura"
"@govbryan","@HaydenSummerall","@jeffscottsoto","@miztamari_nikki","@BKrejcikova","@realluciearnaz"
"@LGCanoBurkhead","@chicoBean","@dawnn_lewis","@SeikinTV","@jpatsmith","@Motley_Su"
"@TeamBurningham","@Divyanka_T","@richa_singh","@AngieVelasco08","@D_Yastremska","@inkstainedlife"
"@lg_ladakh","@amandatapping","@benroy00","@Alvaro845","@StefanDuell","@PeggyABennett"
"@WrightUtah","@aliciawitty","@sethanikeem","@marcoscastro","@LukeSaville18","@thenailtrail"
"@Convent_Gib","@IAmLindsayJones","@ririnel","@TO_RYOO","@MikiBuzarnescu","@AmandaParker867"
"@GovernorWajir","@thehumphreyker","@iamnatho","@kohmi","@imarchello","@KorenShadmi"
"@kayiveyforgov","@YoSwaroop","@SirushoOfficial","@_yuuun_s2","@PPolansky","@VoteNuckolls"
"@RickettsForGov","@soniiannup","@StacyLattisaw","@TO_ZAWAKUN","@OGovortsova","@Shelly39B"
"@ChMSarwar","@brianlogandales","@AylaBrown","@TO_TOSHIMITSU","@harriet_dart","@allymarkovich"
"@PhilScott4VT","@itsRajTarun","@KevinTWL","@xFaRgAnx","@AsKaratsev","@HinaBokhariLD"
"@Cal_OPR","@dannymaconline","@DJMortyCoyle","@Jonvlogs","@wesleykoolhof","@Austinhay123"
"@Steve4Gov","@jessemetcalfe","@SebastianKole","@superhenrytran","@MoumaDasTT","@LeahMKirstein"
"@johncarneyforde","@David_Suchet","@karlamosley","@loud_bradock","@RajivBabbarbjp","@EmilyH95"
"@Schwarzenegger","@hoseachanchez","@damiandmusic","@mirandaibanez","@NicolaKuhn1","@IScholefield15"
"@ImranIsmailPTI","@hitchmichael","@chaseforever","@Lorelay_Fox","@PeterKobelt","@weatherwitter"
"@gretchenwhitmer","@JustinGuarini","@Laurawhiteoffic","@MikecrackYT","@abolt15","@thoughtbuoy"
"@GovernorDeal","@tonyjaaofficial","@abrinamusic","@Trymacs","@DennisNovikov","@BrianHowardNY"
"@GovMarkDayton","@Iamkavitak","@PhilipBaileyEWF","@whatdafaqshow","@lukilacko","@MadinaPaola"
"@CharlieBakerMA","@willpeltz","@TdoubleB","@sushi_riku","@TristanGemmill","@danvanhoosier"
"@jaredpolis","@adamferrara","@SIYA","@matmazzafera","@mackiemacster","@Roc_wx_leader"
"@MikeDeWine","@SirUTI","@LarryGatlin","@BrunoRataque","@cronanmcnamara","@subomckelvie"
"@GovRauner","@AndreRoyo","@KarenTheSiren","@uesugitakashi","@mikejoyce73","@Yolani_Fourie"
"@JBPritzker","@StevenSchirripa","@CaroleeCarmello","@takeyakii","@HarryCicma","@hmforcongress"
"@BrianKempGA","@ivandorschner","@mrfire","@tax_i_","@shepmcallister","@kelbyray"
"@TerryMcAuliffe","@maxthieriot","@TristanMaxted","@Febatista","@lucy_shuker","@susanbanki"
"@Governor_LePage","@dancersatz","@KandaceSprings","@cemresolmaaz","@VDiatchenko","@aalarson"
"@KimReynoldsIA","@mexwarrior","@LouiseDearman","@LeBouseuh","@stormsanders94","@MDowns4Congress"
"@NedLamont","@KVBohra","@EddieArgos","@ElChurchesYT","@Daviddileo14","@FNP_Cullen"
"@GovPenceIN","@DJPooh","@ColineCreuzot","@loud_Mii","@Freya_Christie","@shellycox3"
"@ScottforFlorida","@nikkigalrani","@ChloeAgnew","@BoffeGP","@Bambo290","@roxyszal"
"@ADevvrat","@spampistefania","@nickibluhm","@MrLEV12","@jasonwheelertv","@kateemac9"
"@VP45","@jessicaosgh","@WilliamDuvall","@BruceGrannec","@LTsurenko","@MumSomeone"
"@GavinNewsom","@Ama_K_Abebrese","@SheilaDFerguson","@AlexMonthy","@sharon_fichman","@etwhitehill"
"@CIGovOff","@itsjeaninemason","@StephenEPearcy","@SHoNgxBoNgYT","@EvanKingChicago","@fiboydphillips"
"@Mike_Pence","@WillieGarson","@CristyQuinones","@Siphano","@katiejobrien","@CortneyJordan24"
"@LauraKellyKS","@indiana","@BriBurkheiser","@giko_pad","@MariusCopil","@dtbusiness"
"@valicetinoktay","@MeeraSyal","@AlCalderon2","@Gordox","@GastaoElias","@LaurenArthurMO"
"@TerryBranstad","@iAmVJAndy","@MalinaMoye","@Zombey","@samcrawford18","@BDataScientist"
"@GovWalker","@ToksOlagundoye","@ZacAAuthors","@cachoo01","@juliaboserup","@ella_sabljak"
"@MauVila","@SawbonesHex","@IamRobertBailey","@tabbata","@richardmar10","@A4iti"
"@OHPressSec","@palmerwilliamsj","@itsjackiefoster","@Arix05","@LaurusAgency","@Chip4Congress"
"@tuncaysonel","@zareen_khan","@funkrockster","@JoelPinheiro85","@berankisr","@jackolivergb"
"@BursaValiligi","@mugdhagodse267","@mrmarcelspears","@yukirin_u","@ankatati","@BradWISN12"
"@AntalyaValilik","@Keah_Maria","@janebadler","@PokeR988HD","@sible2109","@genna_buck"
"@DrTamilisaiGuv","@MikeABeach","@AnthonyAmorim","@carolmoreira3","@Lorenzo_Doss","@JanelDivides"
"@valikirklareli","@GiacomoKG","@DanAshleyABC7","@LINELIVE_JP","@zuzuzlochova","@amoscaritolo"
"@kfayemi","@gingerthejester","@SarahDanielsTV","@WithZack","@RaduAlbot","@jxlevinson"
"@GovGaryJohnson","@AshishChowdhry","@stephenclark","@torokeroo","@fabmartin86","@MishaBerson"
"@GovernorCG","@DavidBlue","@lukewademusic","@Teeqzyk","@JulesElbaba","@VoteDawn"
"@GovernorMP","@YulEdochie","@amitashpradhan","@Spursito","@Zheng_Saisai","@daniellestirrat"
"@CharlieCrist","@thealisonbecker","@LisaRieffel","@suryapsingh_IAS","@riyatennis","@LucyCB_1"
"@JohnBKing","@SalvioEspo","@thechrisbarron","@ecchan_bom2","@fmergea","@DanWorth"
"@DanMalloyCT","@AdamWoodyatt","@emilieautumn","@sherylrubior28","@MurphyPIX","@Alison4Congress"
"@IRF_Ambassador","@Tony_Robinson","@MatthewCBurton","@camilacanabal","@AllieKiick","@juliadfoy"
"@GovernorCorbett","@mrreidscott","@derrick_green","@joseilan","@marcpolmans","@EimearConsidine"
"@GovernorQuinn","@ShawnRAshmore","@JoshDanielUK","@LuizThunderbird","@jonnybowden","@mediagriff"
"@sivasvaliligi","@VidyuRaman","@Juniortcampbell","@anuraagmuskaan","@lizzycabrera97","@charmarmusic"
"@NickKristof","@arthur_affect","@RDEliason","@tamakiyuichiro","@Besterphilip","@Larnell13"
"@AnkaraValiligi","@reneauberjonois","@nikkibagaporo","@bin__khaled3","@BarbaraLeeNews8","@akilincs"
"@jhar_governor","@LloydGriffith","@ariannaafsar","@tercosmicqueen","@MarieBouzkova","@ljfernandez"
"@TeamSarwar","@thescottevans","@AntAFP","@risase0610","@Andy_MurrayFFT","@TheRenegade559"
"@EricLesser","@MikeyBustos","@JonathanVigil","@Benoitdx9","@LouiseHunt1","@GWMorris"
"@SiirtValiligi","@JamesPurefoy","@RickieLeeJones","@Makiman131","@adamsohn","@MelissaCrowley"
"@carter4governor","@shawn_wayans","@ZainBhikha","@mathisellanes","@Chase_Buchanan","@MGreenKQED"
"@staceyabrams","@pratikg80","@JericMedina","@andreacompton","@kova_aleks","@DianaRouvas"
"@SenRickScott","@dollyjoyner","@JasonDanieley","@nofaxu","@carsonbranstine","@Frank_Schilling"
"@KganyagoLesetja","@adiipati","@Xenia","@jaimealtozano","@liampitchford","@nitttr_chennai"
"@GovofCoEspanol","@KasthuriShankar","@ChesterGregory","@evelynregly","@iamnainajaiswal","@kenndoane"
"@gobiernohidalgo","@choptopmoseley","@JermzCrawford","@DvLZStaTioN","@alexballi_","@ellawilksharper"
"@RizeVali","@parvatweets","@itshaileyreese","@ItsVicens","@destaneeaiava","@lloydevs7"
"@thekiranbedi","@IamGabrielLuna","@IAmDanaWilliams","@FunkyBlackCat","@OksKalashnikova","@simplysheeba"
"@valiustaoglu","@JLIPNICKI","@apangelo","@udegejapan","@DerekBish_star","@mottersjames"
"@Caitlyn_Jenner","@DakotaCox","@tomandrewsmusic","@DimaErmuzevich","@michelehana","@_ThePaperTigers"
"@SarahPalinUSA","@MattPoss","@reignedwards","@Nenhasz","@DanCox90","@smallestroom"
"@manojsinha_","@danielwuyanzu","@itshelenpaul","@DecarliLeonardo","@johnchenghc","@juliana_addison"
"@teambrewer","@jamesocromwell","@iamrationale","@Sev7nHUE","@miawgordon","@dqandrade"
"@CalOES_Dir","@joshfadem","@thedivasushant","@KLOoODE25","@TheVlieagle","@aarishc"
"@valibilmez","@shanolahampton","@blakeisenglish","@byRovi23","@christinetvhost","@DebCiamacca"
"@JeanieBuss","@DanMacPherson","@ryandolanmusic","@jiroisjiro","@petenorfolk","@ErinLischNews"
"@JebBush","@KevinAvery","@BrianJustinCrum","@irvingtomato","@RLurieCTV","@MujaJeanne"
"@TrabzonValilik","@tentej","@katietorwalt","@BobicraftMC","@WISN_MINTZ","@StaceO15"
"@GovRonDeSantis","@TheRaghav_Juyal","@jasonbroccoli","@heyitspriscila","@TomMatthewstt","@kkennedyAP"
"@MittRomney","@BreeEssrig","@vesperteen","@SandyCoben","@abbiejanem","@LissaforPA"
"@bankofengland","@BethRiesgraf","@rhodesmusic","@AcenixYT","@SallyPitts_WSFA","@GoCoErin"
"@AnbarGovernor","@arjun_kanungo","@JosephDevries","@MrBeast","@edensilva","@KashOnAir"
"@Gaft_Governor","@MRaymondJames","@SarahSimMusic","@Corpse_Husband","@ryanhpen","@cwillkl80"
"@LtGovMallott","@JohnMTurturro","@BradKavanagh","@quackity4k","@trobberson","@LesLester"
"@SarahHuckabee","@iamkamyapunjabi","@Thiwe","@tommyinnit","@DaveWSquires","@KaliforKansas"
"@paulgazelka",,"@lisajstansfield",,"@MichaHoncova",
,,,,"@Benjamm1ng",
,,,,"@EricRothmuller",
,,,,"@SIMONTOFT1",
,,,,"@MaryJo_Koehler",
,,,,"@DanielNguyen_",
,,,,"@jade_windley",
,,,,"@amalrajtt",
,,,,"@audreytweil",
,,,,"@PeteFerryman",
,,,,"@JamieJarosik",
,,,,"@sandergille",
,,,,"@GavinvanPep",
,,,,"@KUTVShauna",
,,,,"@Shauno_11",
,,,,"@MikeGArsenault",
,,,,"@JulieHeldman",
,,,,"@AndyHarris1994",
,,,,"@MoniqueAdamcza3",
,,,,"@SamWalker_tt",
,,,,"@AntCotterill",
,,,,"@TobyKodat",
,,,,"@hubbleadam",
,,,,"@davewright",
,,,,"@joranvliegen",
,,,,"@alexis_s_kramer",
,,,,"@KimDaybell",
,,,,"@harry_zahn",
,,,,"@Rosswilsontt",
,,,,"@Clopingpong",
,,,,"@TinTinHo39",
,,,,"@billyshiltstt",
,,,,"@TrentBryde",
,,,,"@dermotbailey",
,,,,"@clayton_scott",
,,,,"@Gabriela_Ruse",
,,,,"@ejappleton14",
,,,,"@jasonjungtennis",
,,,,"@JonoRydberg",
,,,,"@diezmonge",
,,,,"@knowlzee10s",
,,,,"@head_tennis",
,,,,"@ImDanEdwards",
,,,,"@dThiagoMonteiro",
,,,,"@BBakesTennis",
,,,,"@MisakiDoiTennis",
,,,,"@gugakuerten",
,,,,"@picomonaco",
,,,,"@DavidFerrer87",
,,,,"@BelindaBencic",
,,,,"@richardgasquet1",
,,,,"@TommyHaas13",
