Sports,Profession
@stevesmith49,Cricket
@Tomlatham2,Cricket
@TheCricketerMag,Cricket
@iramizraja,Cricket
@ACA_Players,Cricket
@WisdenAlmanack,Cricket
@KazmiWajahat,Cricket
@IrishCricketers,Cricket
@Sarah_Taylor30,Cricket
@gradecricketer,Cricket
@CricketersTrust,Cricket
@Heatherknight55,Cricket
@KevinOBrien113,Cricket
@poonam_yadav24,Cricket
@WolfgangYoung,Cricket
@MHasnainPak,Cricket
@CBarrett19,Cricket
@nicholas_47,Cricket
@GautamGambhir,Cricket
@ImRaina,Cricket
@harbhajan_singh,Cricket
@VVSLaxman281,Cricket
@ashwinravi99,Cricket
@ivivianrichards,Cricket
@benstokes38,Cricket
@hardikpandya7,Cricket
@therealkapildev,Cricket
@KumarSanga2,Cricket
@klrahul11,Cricket
@MishiAmit,Cricket
@BhuviOfficial,Cricket
@imkuldeep18,Cricket
@ImIshant,Cricket
@surya_14kumar,Cricket
@ShubmanGill,Cricket
@yuzi_chahal,Cricket
@JadhavKedar,Cricket
@SarfarazA_54,Cricket
@AaronFinch5,Cricket
@cheteshwar1,Cricket
@mandeeps12,Cricket
@Eoin16,Cricket
@StuartBroad8,Cricket
@DavidMillerSA12,Cricket
@DineshKarthik,Cricket
@ajinkyarahane88,Cricket
@y_umesh,Cricket
@davidwarner31,Cricket
@imShard,Cricket
@im_manishpandey,Cricket
@faf1307,Cricket
@jbairstow21,Cricket
@JamesFaulkner44,Cricket
@Shah64Y,Cricket
@TamimOfficial28,Cricket
@Jaspritbumrah93,Cricket
@dmalan29,Cricket
@root66,Cricket
@lynny50,Cricket
@ravibopara,Cricket
@imK_Ahmed13,Cricket
@M_IrfanOfficial,Cricket
@Sundarwashi5,Cricket
@Martyguptill,Cricket
@krunalpandya24,Cricket
@mayankcricket,Cricket
@chriswoakes,Cricket
@Wriddhipops,Cricket
@Mahmudullah30,Cricket
@Hanumavihari,Cricket
@finnysteve,Cricket
@Angelo69Mathews,Cricket
@VDP_24,Cricket
@ishankishan51,Cricket
@VarunAaron,Cricket
@NitishRana_27,Cricket
@Ian_Bell,Cricket
@jamestaylor20,Cricket
@AnamulOfficial,Cricket
@vijayshankar260,Cricket
@sandeep25a,Cricket
@patcummins30,Cricket
@AlexHales1,Cricket
@ShreyasIyer15,Cricket
@mvj888,Cricket
@ImMananVohra,Cricket
@thiri66,Cricket
@shreevats1,Cricket
@Kyle_Abbott87,Cricket
@WayneParnell,Cricket
@deepak_chahar9,Cricket
@PrithviShaw,Cricket
@SaluteCotterell,Cricket
@Sandeep25,Cricket
@IamAbhiSharma4,Cricket
@SuzieWBates,Cricket
@mdsirajofficial,Cricket
@Jaseholder98,Cricket
@dhawal_kulkarni,Cricket
@devdpd07,Cricket
@JasonRoy20,Cricket
@RayuduAmbati,Cricket
@ahealy77,Cricket
@gowthamyadav88,Cricket
@CurranSM,Cricket
@navdeepsaini96,Cricket
@HerathRSL,Cricket
@CJordan,Cricket
@iamanmolpreet28,Cricket
@MccullumNathan,Cricket
@AshwinMurugan8,Cricket
@Rileerr,Cricket
@rahultewatia02,Cricket
@54simmo,Cricket
@thisisbrar,Cricket
@rinkusingh235,Cricket
@GbNaib,Cricket
@MarkandeMayank,Cricket
@megan_schutt,Cricket
@kylemills79,Cricket
@ishan_ip55,Cricket
@ShivamMavi23,Cricket
@ehsanadil007,Cricket
@ABDULSAMAD___1,Cricket
@IAmIsuru17,Cricket
@sohaibcricketer,Cricket
@FabianAllen338,Cricket
@prabhsimran01,Cricket
@Kamleshnagark13,Cricket
@sharmakarn03,Cricket
@LalitYadav03,Cricket
@yashasvi_j,Cricket
@IamShivamDube,Cricket
@ParagRiyan,Cricket
@NalkandeDarshan,Cricket
@Avesh_6,Cricket
@CPL,Cricket
@shashank2191,Cricket
@PCA,Cricket
@AnujRawat_1755,Cricket
@RaunakRK,Cricket
@heathmmills,Cricket
@vinodkambli349,Cricket
@ImZaheer,Cricket
@Todd_Greenberg,Cricket
@ProCoachCricket,Cricket
@Matthenry014,Cricket
@AlistairNichol6,Cricket
@parthiv9,Cricket
@imAagarkar,Cricket
@sherryontopp,Cricket
@KamiAkmal23,Cricket
@doddaganesha,Cricket
@REALsaeedajmal,Cricket
@Swannyg66,Cricket
@danchristian54,Cricket
@markbutcher72,Cricket
@kartikmurali,Cricket
@TomMoodyCricket,Cricket
@MohammadKaif,Cricket
@jacqueskallis75,Cricket
@Vinay_Kumar_R,Cricket
@rpsingh,Cricket
@chopraanjum,Cricket
@DGoughie,Cricket
@holland_tom,Cricket
@Mustafiz90,Cricket
@AzharAli_,Cricket
@WasimJaffer14,Cricket
@akshar2026,Cricket
@abhisheknayar1,Cricket
@DavidHussey29,Cricket
@MontyPanesar,Cricket
@IrfanPathan,Cricket
@glennmcgrath11,Cricket
@Natarajan_91,Cricket
@RusselArnold69,Cricket
@damienmartyn,Cricket
@Athersmike,Cricket
@iamfawadalam25,Cricket
@MahediHasan_55,Cricket
@kiesy_22,Cricket
@C_Edwards23,Cricket
@Sakariya55,Cricket
@StewieCricket,Cricket
@DeepDasgupta7,Cricket
@sambillings,Cricket
@mcjnicholas,Cricket
@LonwaboTsotsobe,Cricket
@AlexHartley93,Cricket
@KirtiAzaad,Cricket
@ImRahulSharma3,Cricket
@MusicThaman,Cricket
@pragyanojha,Cricket
@praveenkumar,Cricket
@robkey612,Cricket
@robbie13flair,Cricket
@dimimascarenhas,Cricket
@Brad_Hogg,Cricket
@iamkash_kr,Cricket
@purdy34,Cricket
@johnhastings194,Cricket
@MAWood33,Cricket
@UmerAmin200,Cricket
@tregs140,Cricket
@mhussey393,Cricket
@Lshukla6,Cricket
@Trotty,Cricket
@MattPrior13,Cricket
@sohailmalik614,Cricket
@hemangkbadani,Cricket
@sthalekar93,Cricket
@tmills15,Cricket
@GeoffreyBoycott,Cricket
@SharjeelLeo14,Cricket
@Paulnico199,Cricket
@bazidkhan81,Cricket
@copes9,Cricket
@niallnobiobrien,Cricket
@Tipo_Morris,Cricket
@ImrulKayes45,Cricket
@ReemaMalhotra8,Cricket
@BenHCarrington,Cricket
@CRBrathwaite26,Cricket
@ImranTahirSA,Cricket
@BunnyOnions,Cricket
@dindaashoke,Cricket
@Tammy_Beaumont,Cricket
@RikkiClarke81,Cricket
@pandey_ishwar,Cricket
@MarkRamprakash,Cricket
@s_badrinath,Cricket
@David_Wiese,Cricket
@Sophecc19,Cricket
@GFoxyFowler,Cricket
@DennisCricket_,Cricket
@IftiAhmed221,Cricket
@ryanmac23,Cricket
@AlviroPetersen,Cricket
@ChrisTremlett33,Cricket
@RohaNadym,Cricket
@si610,Cricket
@lukewright204,Cricket
@Isam84,Cricket
@ImSushVerma,Cricket
@thecompdog,Cricket
@NBRACKEN142,Cricket
@rohangava9,Cricket
@ryanburl3,Cricket
@chetans1987,Cricket
@ParvinderAwana,Cricket
@timbresnan,Cricket
@amiryamin54,Cricket
@david_willey,Cricket
@Harv366,Cricket
@AasifAli2018,Cricket
@ElyseVillani,Cricket
@SnehalPradhan,Cricket
@Atiq160Test,Cricket
@petersiddle403,Cricket
@AdamWebster31,Footballer
@jgarnerr96,Footballer
@Jamiemurphy89,Footballer
@TomYoungs87,Footballer
@RobWalter17,Footballer
@B_murphy01gk,Footballer
@Daniel_James_97,Footballer
@officialpepe,Footballer
@midoahm,Footballer
@Alexis_Vega9,Footballer
@roberto_rj16,Footballer
@eestijalgpall,Footballer
@angel_tasende69,Footballer
@GarethBale11,Footballer
@alexmorgan13,Footballer
@Paulmcveigh77,Footballer
@MarcusRashford,Footballer
@TiffanyWeimer,Footballer
@razacktraore12,Footballer
@youngy18,Footballer
@TheRealAC3,Footballer
@JesseLingard,Footballer
@sterling7,Footballer
@HKane,Footballer
@kylewalker2,Footballer
@LukeShaw23,Footballer
@JackWilshere,Footballer
@B_Fernandes8,Footballer
@theowalcott,Footballer
@JeromeBoateng,Footballer
@HectorBellerin,Footballer
@sergino_dest,Footballer
@RealRomfordPele,Footballer
@BukayoSaka87,Footballer
@vardy7,Footballer
@Elmo_27,Footballer
@HassanKouka,Footballer
@Hillal_Soudani,Footballer
@PhilFoden,Footballer
@J_Gomez97,Footballer
@StanCollymore,Footballer
@VictorMoses,Footballer
@awbissaka,Footballer
@SMignolet,Footballer
@vancole9,Footballer
@MrT,Footballer
@JanAageFjortoft,Footballer
@CalumChambers95,Footballer
@alexiaputellas,Footballer
@OfficialRadja,Footballer
@BenChilwell,Footballer
@jamthedirtybird,Footballer
@IngsDanny,Footballer
@moeebrian,Footballer
@AlderweireldTob,Footballer
@IlaixMK,Footballer
@wilfriedzaha,Footballer
@luchogarcia14,Footballer
@reecejames_24,Footballer
@DanielWebber81,Footballer
@pvanaanholt,Footballer
@TheRealSalgado,Footballer
@BenFoster,Footballer
@RayHudson,Footballer
@NormanWhiteside,Footballer
@Anderson_Viv,Footballer
@Jesanchez3,Footballer
@frankirby,Footballer
@Ben_Davies33,Footballer
@AdaStolsmo,Footballer
@BernardParker,Footballer
@RhianBrewster9,Footballer
@jasoncundy05,Footballer
@CGBrown16,Footballer
@Neil38Etheridge,Footballer
@JillScottJS8,Footballer
@chriswaddle93,Footballer
@IGanaGueye,Footballer
@PaulMerse,Footballer
@branwilliams,Footballer
@Realaldo474,Footballer
@EddieNketiah9,Footballer
@jon_flan93,Footballer
@FredericKanoute,Footballer
@kdkilbane77,Footballer
@bhaichung15,Footballer
@Mark__Bright,Footballer
@WayneBridge,Footballer
@JamalMusiala,Footballer
@TheCurtisDavies,Footballer
@LouMacari10,Footballer
@DavidMeyler,Footballer
@JulianBrandt,Footballer
@Michailantonio,Footballer
@RobHolding95,Footballer
@Noble16Mark,Footballer
@RyanSessegnon,Footballer
@LeonMckenzie1,Footballer
@SimonGreatwich,Footballer
@shaneduffy,Footballer
@TomHeatonGK,Footballer
@Ebenno88,Footballer
@ChelceeGrimes,Footballer
@AsisatOshoala,Footballer
@ToddCantwell_10,Footballer
@mathieuflamini,Footballer
@robsnodgrass7,Footballer
@ellatoone99,Footballer
@dan_ward52,Footballer
@MrMattJarvis,Footballer
@Ndidi25,Footballer
@sammorsy08,Footballer
@alessiarusso7,Footballer
@roofe,Footballer
@andiweimann,Footballer
@mart__thomas,Footballer
@alecko11,Footballer
@Grantholt31,Footballer
@KieranOhara_,Footballer
@JordanNobbs8,Footballer
@rachelyankey11,Footballer
@MarvinSordell,Footballer
@CSimmsQB,Footballer
@siphiweshabba,Footballer
@michaelkeane04,Footballer
@hedvig_lindahl,Footballer
@HayleyLadd,Footballer
@mattycash622,Footballer
@KalushaPBwalya,Footballer
@omeruo22,Footballer
@James_Tavernier,Footballer
@marcroca21,Footballer
@SCrawf9,Footballer
@klbardsley,Footballer
@ben6white,Footballer
@joshharrop23,Footballer
@lukeayling_8,Footballer
@AndreGray,Footballer
@PernilleMHarder,Footballer
@Danny_Batth,Footballer
@ckvineeth,Footballer
@luke_garbutt,Footballer
@RyanMcL2,Footballer
@EthanLaird,Footballer
@JayRodriguez9,Footballer
@sjsidwell,Footballer
@nirmalchettri03,Footballer
@mattjpsmith,Footballer
@etebo_karo,Footballer
@chris_iwelumo,Footballer
@Kortney_30,Footballer
@bondy506,Footballer
@A_Finnbogason,Footballer
@IzzyChr17,Footballer
@J_Panzoo,Footballer
@FrannyBenali,Footballer
@StevenBergwijn,Footballer
@RachelDaly3,Footballer
@gmccleary12,Footballer
@Robert1Green,Footballer
@77thomo,Footballer
@TheDeanAshton,Footballer
@schwarzer_mark,Footballer
@32watto,Footballer
@JeffAllen71,Footballer
@Harrison_Jack11,Footballer
@TheRossKing,Footballer
@locadiaofficial,Footballer
@LeeTrundle10,Footballer
@9smudge,Footballer
@CharliePatino10,Footballer
@CelBee,Footballer
@JRBrockie,Footballer
@MrJodyCraddock,Footballer
@A9Mac,Footballer
@TaylorD_Moore,Footballer
@Alex_Macca23,Footballer
@Bethany_Eng15,Footballer
@Mazer_9,Footballer
@morrisonclinton,Footballer
@amodeste27,Footballer
@MagdaEricsson,Footballer
@george_willo35,Footballer
@Gilly_flaherty,Footballer
@BobbyMooreFund,Footballer
@StephenWarnock3,Footballer
@denniswise,Footballer
@lloyd_isgrove,Footballer
@CristianRoldan,Footballer
@JohnJBostock,Footballer
@AdamArma9,Footballer
@jejefanai,Footballer
@TimSparv,Footballer
@Mark5Wright,Footballer
@SCoxy31Real,Footballer
@JoshCullen,Footballer
@modoubarrow14,Footballer
@dan_bentley1,Footballer
@J_Aribo19,Footballer
@JoeWorrall5,Footballer
@kirstyhsmith,Footballer
@mickygray33,Footballer
@DujonSterling1,Footballer
@Paul_Lake,Footballer
@Abss_5,Footballer
@Chloe_Kelly98,Footballer
@LeonAdriana9,Footballer
@MarcPugh7,Footballer
@TommyElph4,Footballer
@RobertEarnshaw,Footballer
@TosinAdarabioyo,Footballer
@AFlint4,Footballer
@laurarafferty6,Footballer
@crislopez23,Footballer
@Moses_28,Footballer
@KevStewart93,Footballer
@jbeattie91,Footballer
@MsDScott11,Footballer
@demetrimitche11,Footballer
@Sarpreetsingh88,Footballer
@joeriley49,Footballer
@tatsdowie,Footballer
@AMorgan94,Footballer
@BenHCarrington,Footballer
@GunnJenny,Footballer
@darrencaldeira,Footballer
@JordanGr_11,Footballer
@LalkovicMilan10,Footballer
@Joshwright4,Footballer
@Tommy_Doyle8,Footballer
@JetJennings,Footballer
@JordiGomez14,Footballer
@tesselmiddag,Footballer
@Steviejohnson20,Footballer
@Andrew10dog,Footballer
@AndyLittle_7,Footballer
@bachmannr10,Footballer
@HarryChapman101,Footballer
@the_stears,Footballer
@RyanFredericks_,Footballer
@TheGouldfather,Footballer
@StephanieRoche9,Footballer
@NathanByrne_,Footballer
@yandhanda,Footballer
@yunusmusah8,Footballer
@alexrae1969,Footballer
@harry_forrester,Footballer
@TsepoMasilela,Footballer
@T_alammar10,Footballer
@MelissaMOrtiz,Footballer
@Tiri1991,Footballer
@ShaunMac20,Footballer
@christiemurray7,Footballer
@LukeONien,Footballer
@jamesjustin98,Footballer
@georgeelokobi,Footballer
@JordynHuitema,Footballer
@MikeGrella10,Footballer
@SwimmerNiranjan,Swimmer
@swimstein,Swimmer
@swimmer_JB10,Swimmer
@DSwim,Swimmer
@SwimmerRoss,Swimmer
@SwimmerOW,Swimmer
@ayachan314,Swimmer
@TomDaley1994,Swimmer
@brettgoldstein,Swimmer
@RockySwimmer,Swimmer
@crouchy7ryan,Swimmer
@Craig1112,Swimmer
@jahimes,Swimmer
@esolaeche937,Swimmer
@RaineyTime,Swimmer
@missyfranklin,Swimmer
@BeckAdlington,Swimmer
@katieledecky,Swimmer
@LACaldwellDC,Swimmer
@cathmckenna,Swimmer
@stephanieizard,Swimmer
@diananyad,Swimmer
@LewisPugh,Swimmer
@BrianCDickinson,Swimmer
@swimmer0421,Swimmer
@AngelaBarnes,Swimmer
@Shivanikataria6,Swimmer
@blitzkreigm,Swimmer
@JessicaLong,Swimmer
@ranomikromo,Swimmer
@olliehyndgb,Swimmer
@kanishktharoor,Swimmer
@mrmarkdolan,Swimmer
@scottshafer,Swimmer
@ArianaKukors,Swimmer
@CalvynJustus,Swimmer
@HannahMiley89,Swimmer
@clinthendler,Swimmer
@AyoAkinwo,Swimmer
@_mackhorton,Swimmer
@mel_wright,Swimmer
@catecamp,Swimmer
@dottolck,Swimmer
@daveevansabc7,Swimmer
@Shanteau,Swimmer
@JoanneJackson86,Swimmer
@CaitlinDavies2,Swimmer
@CHeyerdahl,Swimmer
@TBIJoshDeVine,Swimmer
@kylesockwell,Swimmer
@SiobhanMOConnor,Swimmer
@Frederikbalfour,Swimmer
@RichardbrutonTD,Swimmer
@SMihm,Swimmer
@JazzCarlin,Swimmer
@cassiewerber,Swimmer
@KiranKhanLive,Swimmer
@swim_sajan,Swimmer
@vfreile,Swimmer
@GareJoyceNHL,Swimmer
@IamShamsAalam,Swimmer
@jackburnell,Swimmer
@RedDonovan,Swimmer
@tripalong,Swimmer
@karalynnjoyce,Swimmer
@jojolly,Swimmer
@DianaRuggOnTV,Swimmer
@lainehiggins17,Swimmer
@CortneyJordan24,Swimmer
@JoshMacAlister,Swimmer
@SwissDom,Swimmer
@DebraStephenson,Swimmer
@jessica_jane96,Swimmer
@VegasAnchor,Swimmer
@becca_meyers,Swimmer
@csutswim,Swimmer
@NicLiv,Swimmer
@JamesGoddard83,Swimmer
@heesunwee,Swimmer
@ChrisJepson,Swimmer
@_JasonOsborne,Swimmer
@TRSchoenmaker,Swimmer
@GarethGetty,Swimmer
@Kathy_swim,Swimmer
@aimee_willmott,Swimmer
@YashJain88,Swimmer
@Travis_Mahoney,Swimmer
@OFlynnPaul,Swimmer
@DrSylviaMcLain,Swimmer
@JohannaMellis,Swimmer
@devonlmurphy,Swimmer
@thisMicONeill,Swimmer
@ilariabianchi90,Swimmer
@ElvisVB,Swimmer
@MaddieGroves_,Swimmer
@graceharvey767,Swimmer
@lukegreenbank97,Swimmer
@Katarina_Roxon,Swimmer
@CraigGibbons85,Swimmer
@freyaandersonn,Swimmer
@lewsmith88,Swimmer
@ChrisSikich,Swimmer
@marge_farrell,Swimmer
@TaylorWBAL,Swimmer
@JCrispy24,Swimmer
@jak_scott,Swimmer
@virdhawalkhade,Swimmer
@jameswilby,Swimmer
@Matt_levy87,Swimmer
@kimberleyswims,Swimmer
@MichaelGunning1,Swimmer
@lauraejjohnston,Swimmer
@Booth1998Booth,Swimmer
@M4ttRichards,Swimmer
@bradtandy02,Swimmer
@JackThomas1995,Swimmer
@ReeceyDunn,Swimmer
@JJadhonWDBJ7,Swimmer
@stevebevis,Swimmer
@earlcole,Swimmer
@Tilly_Gray91,Swimmer
@Dichtel,Swimmer
@JDSmithMedia,Swimmer
@E_A_swim,Swimmer
@xharrietx1991,Swimmer
@MaggieLaMereTV,Swimmer
@JavAcevedo98,Swimmer
@norgillespie,Swimmer
@CaitMcClatchey,Swimmer
@sarahvasey96,Swimmer
@o_wile,Swimmer
@sussexnatalie,Swimmer
@JustJenKing,Swimmer
@_heycamilla,Swimmer
@BethanyFirth2,Swimmer
@sweetpmac,Swimmer
@davellisgb,Swimmer
@zzona13,Swimmer
@Aliciamwilson1,Swimmer
@jessetheswimmer,Swimmer
@anitaaalvarez12,Swimmer
@mattwylie96,Swimmer
@leon_marchand,Swimmer
@ticia_martinez,Swimmer
@LaurenAQuigley,Swimmer
@TayCorry,Swimmer
@TullyKearney,Swimmer
@Ge0rgiaDavies90,Swimmer
@RickKennedyTX17,Swimmer
@MrGrantTurner,Swimmer
@OttoPutland,Swimmer
@sportonic,Swimmer
@xxebobxx,Swimmer
@Danielle_FBD,Swimmer
@jeremybagshaw,Swimmer
@maisiee26,Swimmer
@thomasbhamer,Swimmer
@Kyle_Stolk,Swimmer
@anika_gauja,Swimmer
@Dawson_Kathleen,Swimmer
@HelenVaughan24,Swimmer
@JoeRoebuck,Swimmer
@dkoellerwx,Swimmer
@beckyredfern99,Swimmer
@srihari3529,Swimmer
@cdoering,Swimmer
@sarawrites,Swimmer
@MatthewJRudd,Swimmer
@swima_chadho,Swimmer
@claudiaholzner,Swimmer
@jgillanNews3LV,Swimmer
@laurakjs99,Swimmer
@david__thompson,Swimmer
@ElkaWhalan,Swimmer
@KatieAnneTobin,Swimmer
@MikeyJones180,Swimmer
@craigrodgie,Swimmer
@MaryWTHR,Swimmer
@tamitremblay,Swimmer
@docphelan,Swimmer
@ConorMunn,Swimmer
@10MonicaWoods,Swimmer
@lizNbaker,Swimmer
@whitfitzsimmons,Swimmer
@Lyndonlonghorne,Swimmer
@annahopkin,Swimmer
@lisamovius,Swimmer
@michaelauprince,Swimmer
@WilliamVerity,Swimmer
@WVLTBrittany,Swimmer
@MariSchaefer,Swimmer
@JWalsh_91,Swimmer
@joelitchfield,Swimmer
@AnnaHaecherl,Swimmer
@JamesThomasHere,Swimmer
@stephenclegg95,Swimmer
@SimoneLuker9,Swimmer
@ryosuke_irie,Swimmer
@kitajimakosuke,Swimmer
@onacarbonell,Swimmer
@VickiLucass,Swimmer
@Manaudou,Swimmer
@sylviacolombo,Swimmer
@FlorentManaudou,Swimmer
@satomi_bomber,Swimmer
@thiagopereira,Swimmer
@joschooling,Swimmer
@mforok,Swimmer
@FemkeHeemskerk,Swimmer
@erikavillaecija,Swimmer
@junya_koga,Swimmer
@RicardoTen_,Swimmer
@Ryo612_swim,Swimmer
@hanaesty,Swimmer
@BousquetFred,Swimmer
@runa_imai,Swimmer
@gaabironcatto,Swimmer
@UchuTomita,Swimmer
@Luca_Marin,Swimmer
@bomber_orsi,Swimmer
@AlexMeyerSwims,Swimmer
@matt_cowdrey,Swimmer
@NicholasSantos1,Swimmer
@Saantigrassi,Swimmer
@alberto_maki,Swimmer
@KathleenHersey,Swimmer
@MarcoDiCarli,Swimmer
@cassiewild2,Swimmer
@ShireenSapiro,Swimmer
@SGTMarks,Swimmer
@o_nuriamarques,Swimmer
@canteroswimmer,Swimmer
@benschwietert,Swimmer
@mackdarragh,Swimmer
@felipelimasw,Swimmer
@JaumLuiz,Swimmer
@NaFigueira,Swimmer
@JoPothain,Swimmer
@GDetti,Swimmer
@Aure_Muller,Swimmer
@aartiles24,Swimmer
@MellouliOussama,Swimmer
@maria_delgado97,Swimmer
@mnmnch,Swimmer
@JanPovysil,Swimmer
@dsliwinski90,Swimmer
@Bruno_OrtizCan,Swimmer
@AitorMartinez46,Swimmer
@ClevelandAFR,Swimmer
@James__Roberts,Swimmer
@GrahamEdmunds,Swimmer
@AudreyLacroix,Swimmer
@tponce87,Swimmer
@CraigBenson94,Swimmer
@Doug_E4,Swimmer
@AshaRandall,Swimmer
@Jhennifer_AC,Swimmer
@JasperAerents,Swimmer
@AriEdoBeltran,Swimmer
@CraigBMcNally,Swimmer
@DylanAlcott,Tennis
@Stako_tennis,Tennis
@SamGrothTennis,Tennis
@KasiTennis,Tennis
@DodigTennis,Tennis
@rogerfederer,Tennis
@RafaelNadal,Tennis
@MiamiOpen,Tennis
@delpotrojuan,Tennis
@TennisFITZY,Tennis
@LawsonTennis,Tennis
@Venuseswilliams,Tennis
@Gael_Monfils,Tennis
@rohanbopanna,Tennis
@JohnIsner,Tennis
@NickBollettieri,Tennis
@Astro_FarmerBob,Tennis
@milosraonic,Tennis
@CocoGauff,Tennis
@evanasmith,Tennis
@ChrissieEvert,Tennis
@cilic_marin,Tennis
@tomasberdych,Tennis
@ThiemDomi,Tennis
@Simona_Halep,Tennis
@MonicaAce93,Tennis
@mhingis,Tennis
@manikabatra_TT,Tennis
@iga_swiatek,Tennis
@Madison_Keys,Tennis
@KaPliskova,Tennis
@paulabadosa,Tennis
@BobCusack,Tennis
@ElinaSvitolina,Tennis
@AmerDelic,Tennis
@chris_eubanks96,Tennis
@VivekGRamaswamy,Tennis
@Ajlatom,Tennis
@caseydellacqua,Tennis
@prim_siripipat,Tennis
@dansimonreports,Tennis
@DonnaVekic,Tennis
@vikramix,Tennis
@RajeevRam,Tennis
@AlizeLim,Tennis
@arodionova,Tennis
@janniksin,Tennis
@ChristinaMcHale,Tennis
@luciesafarova,Tennis
@alexdeminaur,Tennis
@tamira1990,Tennis
@HubertHurkacz,Tennis
@Shelby_Rogers_,Tennis
@johnhmillman,Tennis
@JamesWardtennis,Tennis
@p2hugz,Tennis
@Dutzee,Tennis
@jesus_jimz,Tennis
@toddwoodbridge,Tennis
@KarmanThandi,Tennis
@Ons_Jabeur,Tennis
@colin_fleming,Tennis
@SofiaKenin,Tennis
@nagalsumit,Tennis
@marcelomelo83,Tennis
@Riske4rewards,Tennis
@JLPegula,Tennis
@nenadzim,Tennis
@AllaK11,Tennis
@Vijay_Amritraj,Tennis
@TimeaOfficial,Tennis
@deniskudla,Tennis
@mariasakkari,Tennis
@SJohnson_89,Tennis
@DelgadoJamie,Tennis
@ankita_champ,Tennis
@kikibertens,Tennis
@CasperRuud98,Tennis
@bambamsam30,Tennis
@elise_mertens,Tennis
@cam_norrie,Tennis
@lapstar11,Tennis
@puravraja,Tennis
@melanie_oudin,Tennis
@JanmikeGambill,Tennis
@ShintaroMOCHIZU,Tennis
@nealskupski,Tennis
@jennifurbrady95,Tennis
@mattebden,Tennis
@SachiaVick,Tennis
@HyeonChung,Tennis
@MRusselltennis,Tennis
@tarodaniel93,Tennis
@aselipsky,Tennis
@anakonjuh,Tennis
@ChadGraff,Tennis
@shingokunieda,Tennis
@kristieahn,Tennis
@Struffitennis,Tennis
@CoachSharkz,Tennis
@zhangshuai121,Tennis
@mmccarroll1,Tennis
@queen_v21,Tennis
@k_skupski,Tennis
@BjornFratangelo,Tennis
@divijsharan,Tennis
@A_Pivovarova,Tennis
@MagdaLinette,Tennis
@nastiaapotapova,Tennis
@CarolZhao95,Tennis
@marta_kostyuk,Tennis
@johnwpeers,Tennis
@oliviarogowska,Tennis
@PutintsevaYulia,Tennis
@jordanthommmo2,Tennis
@Jamie_Hampton,Tennis
@jamesmcgee01,Tennis
@CatyMcNally,Tennis
@filippeliwo,Tennis
@Kibsta91,Tennis
@MikaelYmer,Tennis
@JelenaOstapenk8,Tennis
@IrinaFalconi,Tennis
@mitch_krueger,Tennis
@Jonny_OMara,Tennis
@MichaelMmoh,Tennis
@ebutorac,Tennis
@TaraMoore92,Tennis
@moutet99,Tennis
@alekswozniak87,Tennis
@Louisa_Chirico,Tennis
@PMoggio,Tennis
@BKrejcikova,Tennis
@jpatsmith,Tennis
@D_Yastremska,Tennis
@StefanDuell,Tennis
@LukeSaville18,Tennis
@MikiBuzarnescu,Tennis
@imarchello,Tennis
@PPolansky,Tennis
@OGovortsova,Tennis
@harriet_dart,Tennis
@AsKaratsev,Tennis
@wesleykoolhof,Tennis
@MoumaDasTT,Tennis
@RajivBabbarbjp,Tennis
@NicolaKuhn1,Tennis
@PeterKobelt,Tennis
@abolt15,Tennis
@DennisNovikov,Tennis
@lukilacko,Tennis
@TristanGemmill,Tennis
@mackiemacster,Tennis
@cronanmcnamara,Tennis
@mikejoyce73,Tennis
@HarryCicma,Tennis
@shepmcallister,Tennis
@lucy_shuker,Tennis
@VDiatchenko,Tennis
@stormsanders94,Tennis
@Daviddileo14,Tennis
@Freya_Christie,Tennis
@Bambo290,Tennis
@jasonwheelertv,Tennis
@LTsurenko,Tennis
@sharon_fichman,Tennis
@EvanKingChicago,Tennis
@katiejobrien,Tennis
@MariusCopil,Tennis
@GastaoElias,Tennis
@samcrawford18,Tennis
@juliaboserup,Tennis
@richardmar10,Tennis
@LaurusAgency,Tennis
@berankisr,Tennis
@ankatati,Tennis
@sible2109,Tennis
@Lorenzo_Doss,Tennis
@zuzuzlochova,Tennis
@RaduAlbot,Tennis
@fabmartin86,Tennis
@JulesElbaba,Tennis
@Zheng_Saisai,Tennis
@riyatennis,Tennis
@fmergea,Tennis
@MurphyPIX,Tennis
@AllieKiick,Tennis
@marcpolmans,Tennis
@jonnybowden,Tennis
@lizzycabrera97,Tennis
@Besterphilip,Tennis
@BarbaraLeeNews8,Tennis
@MarieBouzkova,Tennis
@Andy_MurrayFFT,Tennis
@LouiseHunt1,Tennis
@adamsohn,Tennis
@Chase_Buchanan,Tennis
@kova_aleks,Tennis
@carsonbranstine,Tennis
@liampitchford,Tennis
@iamnainajaiswal,Tennis
@alexballi_,Tennis
@destaneeaiava,Tennis
@OksKalashnikova,Tennis
@DerekBish_star,Tennis
@michelehana,Tennis
@DanCox90,Tennis
@johnchenghc,Tennis
@miawgordon,Tennis
@TheVlieagle,Tennis
@christinetvhost,Tennis
@petenorfolk,Tennis
@RLurieCTV,Tennis
@WISN_MINTZ,Tennis
@TomMatthewstt,Tennis
@abbiejanem,Tennis
@SallyPitts_WSFA,Tennis
@edensilva,Tennis
@ryanhpen,Tennis
@trobberson,Tennis
@DaveWSquires,Tennis
@MichaHoncova,Tennis
@Benjamm1ng,Tennis
@EricRothmuller,Tennis
@SIMONTOFT1,Tennis
@MaryJo_Koehler,Tennis
@DanielNguyen_,Tennis
@jade_windley,Tennis
@amalrajtt,Tennis
@audreytweil,Tennis
@PeteFerryman,Tennis
@JamieJarosik,Tennis
@sandergille,Tennis
@GavinvanPep,Tennis
@KUTVShauna,Tennis
@Shauno_11,Tennis
@MikeGArsenault,Tennis
@JulieHeldman,Tennis
@AndyHarris1994,Tennis
@MoniqueAdamcza3,Tennis
@SamWalker_tt,Tennis
@AntCotterill,Tennis
@TobyKodat,Tennis
@hubbleadam,Tennis
@davewright,Tennis
@joranvliegen,Tennis
@alexis_s_kramer,Tennis
@KimDaybell,Tennis
@harry_zahn,Tennis
@Rosswilsontt,Tennis
@Clopingpong,Tennis
@TinTinHo39,Tennis
@billyshiltstt,Tennis
@TrentBryde,Tennis
@dermotbailey,Tennis
@clayton_scott,Tennis
@Gabriela_Ruse,Tennis
@ejappleton14,Tennis
@jasonjungtennis,Tennis
@JonoRydberg,Tennis
@diezmonge,Tennis
@knowlzee10s,Tennis
@head_tennis,Tennis
@ImDanEdwards,Tennis
@dThiagoMonteiro,Tennis
@BBakesTennis,Tennis
@MisakiDoiTennis,Tennis
@gugakuerten,Tennis
@picomonaco,Tennis
@DavidFerrer87,Tennis
@BelindaBencic,Tennis
@richardgasquet1,Tennis
@TommyHaas13,Tennis
