Entertainment,Profession
@AliZafarsays,Singer
@twilitekid,Singer
@kingssingers,Singer
@MaskedSingerFOX,Singer
@BBCSingers,Singer
@LatinGRAMMYs,Singer
@yunamusic,Singer
@iamjojo,Singer
@rmayemsinger,Singer
@thecavesingers,Singer
@Bsinger51,Singer
@singervehicles,Singer
@maskedsinger_au,Singer
@SINGERCO,Singer
@corneillemusic,Singer
@MaskedSingerUK,Singer
@croon1,Singer
@RealAlexPreston,Singer
@TomMarshall111,Singer
@AlusOfficial,Singer
@singer_shaan,Singer
@TeniEntertainer,Singer
@FarOutAkhtar,Singer
@BennysMusic,Singer
@IamChrisMann,Singer
@TheUSASingers,Singer
@RichardWalters,Singer
@singersrinivas,Singer
@mikenolanfizz,Singer
@robbieglover,Singer
@camronmitchell,Singer
@ShehzadRoy,Singer
@VedoTheSinger,Singer
@falamb3,Singer
@Sukhbir_Singer,Singer
@singernews,Singer
@Bilalsaeedmusic,Singer
@ramonasinger,Singer
@AdamSinger,Singer
@PeterASinger,Singer
@mattsinger,Singer
@CahnEmily,Singer
@singer_karthik,Singer
@Sreeram_singer,Singer
@grant_singer,Singer
@iDinoAli,Singer
@danielsinger,Singer
@msinger,Singer
@geethasinger,Singer
@TuttleSinger,Singer
@RobertaBSinger,Singer
@CorySings,Singer
@alsinger,Singer
@oliviasinger,Singer
@SingerHanaa,Singer
@WaseyNaik,Singer
@lh_singer,Singer
@JeanValjenny,Singer
@Jonny_Singer,Singer
@DarthJeff90,Singer
@sarahsinger,Singer
@cardiffsinger,Singer
@SteveSinger10,Singer
@TorriSingerNews,Singer
@MaryBlackSinger,Singer
@Dalesinger,Singer
@ScottSingerUSA,Singer
@AdamBrockSings,Singer
@JoshySinger,Singer
@Reid_Singer,Singer
@JeremySinger,Singer
@ManojTiwariMP,Singer
@JohnSteelSinger,Singer
@GoldenMelody,Singer
@oO0Eve0Oo,Singer
@TheXFactor,Singer
@miikesinger,Singer
@maiamusical,Singer
@official_jinu_,Singer
@Imrankhanworld,Singer
@MonicaDenise,Singer
@iamlp,Singer
@paponmusic,Singer
@MaskSingerA3,Singer
@JamesMorrisonOK,Singer
@julissamusic,Singer
@DurbinRock,Singer
@TheRealKano,Singer
@MetOpera,Singer
@KayaJones,Singer
@christiandmusic,Singer
@DanB,Singer
@schultemusic,Singer
@AndTheWriterIs,Singer
@Rahim_TheDream,Singer
@almacyber,Singer
@SteveOsunsami,Singer
@charlottelawr,Singer
@BriaandChrissy,Singer
@paulwrightmusic,Singer
@ElevenPastOne,Singer
@mccoodavis,Singer
@SoundBetterNow,Singer
@tamburintweets,Singer
@MaskedSingerBR,Singer
@horsemusic,Singer
@30AFest,Singer
@DaysHayes,Singer
@JordanHillMusic,Singer
@natoperastudio,Singer
@BlackFeathersUK,Singer
@fullforceworld,Singer
@TheItalianTenor,Singer
@bobmarks,Singer
@TheIrishRovers,Singer
@jsvine,Singer
@Lolita_Singer,Singer
@hiroakikato39,Singer
@sarhaider,Singer
@theRealEsthero,Singer
@Bhavna__B,Singer
@SingerAmar,Singer
@fsingerf,Singer
@SingerAkane,Singer
@MaskedSingerGER,Singer
@Tama_singer,Singer
@Aminabuddafly,Singer
@FloorJansen_,Singer
@layzhang,Singer
@curtisstigers,Singer
@SOFIofficial,Singer
@sherinasinna,Singer
@IAMQUEENLATIFAH,Singer
@NeYoCompound,Singer
@afgan___,Singer
@anirudhofficial,Singer
@TomTolesToons,Singer
@AbbyTrott,Singer
@ashabhosle,Singer
@sjhsjh0628,Singer
@juliefowlis,Singer
@MikaSingh,Singer
@LaurenJauregui,Singer
@TheMandyMoore,Singer
@samuelmilby,Singer
@JordinSparks,Singer
@bridgitmendler,Singer
@markhoppus,Singer
@YengPLUGGEDin,Singer
@MirandaSings,Singer
@BrotherSu,Singer
@HilaryDuff,Singer
@TEYANATAYLOR,Singer
@SunidhiChauhan5,Singer
@liannelahavas,Singer
@annhcallaway,Singer
@NeilNMukesh,Singer
@ThisIsDSP,Singer
@MrPeterAndre,Singer
@deelestari,Singer
@Shankar_Live,Singer
@EstelleDarlings,Singer
@RitaWilson,Singer
@RealKylePatrick,Singer
@sabzwashington,Singer
@boden_jon,Singer
@chris_kammy,Singer
@catrionaelisa,Singer
@geofftate,Singer
@jaswinderworld,Singer
@brandonsaller,Singer
@SandraBernhard,Singer
@RobinMeade,Singer
@xtianbautista,Singer
@MaherZain,Singer
@JennyMcCarthy,Singer
@RandyRainbow,Singer
@blackthought,Singer
@Kandi,Singer
@NattiNatasha,Singer
@christinaperri,Singer
@caricevhouten,Singer
@TayZonday,Singer
@Mikel_Jollett,Singer
@donovan_hts,Singer
@ClaudeKelly,Singer
@saadlamjarred1,Singer
@Shilaamzah,Singer
@Sophie_Choudry,Singer
@thedavidcrosby,Singer
@cyndilauper,Singer
@theebillyporter,Singer
@ishehnaaz_gill,Singer
@jeweljk,Singer
@iAmNehaKakkar,Singer
@SaraSampaio,Singer
@MsAmberPRiley,Singer
@rogerwaters,Singer
@arnelpineda,Singer
@MollyRingwald,Singer
@DanniiMinogue,Singer
@AmaalMallik,Singer
@jeffbernat,Singer
@martinamcbride,Singer
@CHRIS_Daughtry,Singer
@corbinbleu,Singer
@Carole_King,Singer
@garynock,Singer
@Realomosexy,Singer
@PatrickStump,Singer
@Florence_Pugh,Singer
@MahoganyLOX,Singer
@mimichakraborty,Singer
@StaceySolomon,Singer
@JonSecada,Singer
@EduardLeonard,Singer
@Shanoozeing,Singer
@esnathesinger,Singer
@BaileeMadison,Singer
@shanell_SnL,Singer
@RossWilliamWild,Singer
@Angelo_Mikha,Singer
@StephanieJBlock,Singer
@JoePerry,Singer
@IDivyaChaudhary,Singer
@CutMemey,Singer
@SutcliffeKieran,Singer
@BonnieMcKee,Singer
@JustinColeMoore,Singer
@KidRock,Singer
@albinokid,Singer
@AaryanDineshK,Singer
@MartinOMalley,Singer
@michellebranch,Singer
@brianrayguitar,Singer
@ShyBoy,Singer
@BrianMcFadden,Singer
@Raini_Rodriguez,Singer
@leonthomas,Singer
@RobertSmith,Singer
@VWOfficial,Singer
@BrianKarem,Singer
@KeyshiaCole,Singer
@mamtamohan,Singer
@donnyosmond,Singer
@veronicamerrell,Singer
@lesliegrace,Singer
@AmmyVirk,Singer
@wesleystromberg,Singer
@ajRAFAEL,Singer
@Guy_Garvey,Singer
@TraceAdkins,Singer
@SiriouslySusan,Singer
@RaashiiKhanna_,Singer
@AlisonMoyet,Singer
@NicolaRoberts,Singer
@MickieJames,Singer
@RosaAcosta,Singer
@CarrieHFletcher,Singer
@SukshnderShinda,Singer
@ShamirBailey,Singer
@JeremyMJordan,Singer
@alfonso_ribeiro,Singer
@benleemusic,Singer
@baileymay,Singer
@SmthnglikeKites,Singer
@shibanidandekar,Singer
@JohnGallagherJr,Singer
@MissMargoPrice,Singer
@neetimohan18,Singer
@saraevansmusic,Singer
@MarcuscollinsUK,Singer
@KimberleyJWalsh,Singer
@GuySebastian,Singer
@KathJenkins,Singer
@RealLyndaCarter,Singer
@beccafrica,Singer
@tracey_thorn,Singer
@smokeyrobinson,Singer
@LisaLoeb,Singer
@PattiLuPone,Singer
@JohnNewmanMusic,Singer
@SarahMcLachlan,Singer
@AliRogin,Singer
@jassiegill,Singer
@swanandkirkire,Singer
@HappyWoman9,Singer
@Davidburtka,Singer
@GreyDeLisle,Singer
@travisrclark,Singer
@TrinaBraxton,Singer
@TheRitaMoreno,Singer
@danauerbach,Singer
@piercethevic,Singer
@NickLachey,Singer
@OfficialWaje,Singer
@PaoloBenjamin_,Singer
@RebeccaFMusic,Singer
@naturinaughton,Singer
@hoccgoomusic,Singer
@Syleena_Johnson,Singer
@SoumayaKeynes,Singer
@ramjowrites,Singer
@TheRichaSharma,Singer
@Average_Jonas,Singer
@bohnes,Singer
@LilianGarcia,Singer
@allenstone,Singer
@MelodyThornton,Singer
@ZonkeMusic,Singer
@_ShwetaMohan_,Singer
@JacksonBrowne,Singer
@NATsakdatorn,Singer
@BettyBuckley,Singer
@Omawumi,Singer
@JeniferLewis,Singer
@ramonasworld,Singer
@UnaHealy,Singer
IG/TikTok: @ramichuene,Singer
@IlseDeLange,Singer
@javedali4u,Singer
@NASHOVERSTREET,Singer
@AmeliaLilyOffic,Singer
@msm4rsh,Singer
@PhilCollinsFeed,Singer
@Corey_Feldman,Singer
@marylambertsing,Singer
@michaelkiwanuka,Singer
@KentMoran,Singer
@rekha_bhardwaj,Singer
@KentBeck,Singer
@NadineCoyleNow,Singer
@valmcdermid,Singer
@mark_mcgrath,Singer
@aroyfloyd,Singer
@jeetmusic,Singer
@KathCim,Singer
@rodvelloso,Singer
@vancejoy,Singer
@Jahmene,Singer
@KrisAllen,Singer
@itsmeeshashafi,Singer
@xoSonique,Singer
@DeborahFW,Singer
@kelliohara,Singer
@sweeetanj,Singer
@Shontelle_Layne,Singer
@AdnanSamiLive,Singer
@cynthialovely,Singer
@wanderwaii,Singer
@afdlinshauki,Singer
@JoshCuthbert,Singer
@Vedius,Singer
@HaydenSummerall,Singer
@BenHaenow,Singer
@shiamakofficial,Singer
@andrewbird,Singer
@TheRealAnaOrtiz,Singer
@trevorjackson5,Singer
@SamPalladio,Singer
@sydneysierota,Singer
@PriyankaJShukla,Singer
@PrettyMill1,Singer
@hellomeganlee,Singer
@pierrebouvier,Singer
@JideJaydee,Singer
@Sie7emusic,Singer
@Adadieee,Singer
@towandabraxton,Singer
@k_crutchfield,Singer
@RSeanRoldan,Singer
@bevansisme,Singer
@KevinMcCallJr,Singer
@amandashires,Singer
@BebeNeuwirth,Singer
@matthew_west,Singer
@ashleyargota9,Singer
@TheMickyDolenz1,Singer
@JulianLennon,Singer
@AshleyMcBryde,Singer
@FBCoachP,Singer
@bobbyvjaarsveld,Singer
@Frances_Coppola,Singer
@HaricharanMusic,Singer
@Javstwtr,Singer
@DarshanRavalDZ,Singer
@TheAntonDuBeke,Singer
@IamApass,Singer
@Travistritt,Singer
@indiana,Singer
@danbbaer,Singer
@Markkistroem,Singer
@jessicamauboy,Singer
@ManikaOfficial,Singer
@AmeliaVega,Singer
@ACNewman,Singer
@MFranchitti,Singer
@DiaFramps,Singer
@NaderHamdy,Singer
@JJHamblett,Singer
@jhaletweets,Singer
@SofiaJLondon,Singer
@donmoen,Singer
@leeannwomack,Singer
@MsJoelyFisher,Singer
@JustinaMusic,Singer
@ianbrown,Singer
@Rotimi,Singer
@mattdusk,Singer
@TheKanikakapoor,Singer
@PiaGlenn,Singer
@lodivadevine,Singer
@PatriciaKazadi,Singer
@anyamarina,Singer
@IAmMoniqueHeart,Singer
@erichirshberg,Singer
@LeeandLie,Singer
@RonnieDunn,Singer
@leonagustine,Singer
@LALAkarmela,Singer
@FunkyPR,Singer
@JoeDonRooney,Singer
@Vybz_Kartel,Singer
@Rtreatwilliams,Singer
@AndyBrownMusic,Singer
@fadnavis_amruta,Singer
@JaymiUJWorld,Singer
@kennyloggins,Singer
@krishoffl,Singer
@thekatiestevens,Singer
@paulm_official,Singer
@AmyRosary,Singer
@khayamthethwa,Singer
@gwtallent,Singer
@StellaParton,Singer
@chrissiefit,Singer
@bjarmstrong,Singer
@MorganLBrennan,Singer
@jasminwalia,Singer
@brianlogandales,Singer
@carsonlueders,Singer
@SufiSartaaj,Singer
@HobbieStuart,Singer
@chuckwicksmusic,Singer
@KateRobbins,Singer
@LisaHannigan,Singer
@meghantonjes,Singer
@joeylawrence,Singer
@carlywaddell,Singer
@DanWilsonMusic,Singer
@RandyNewman,Singer
@tiffanytunes,Singer
@aaronpauley,Singer
@RobThomas,Singer
@MsReneeLawless,Singer
@ClintonCerejo,Singer
@OfficialRita,Singer
@biancamarroquin,Singer
@RazanElMoghrabi,Singer
@MikeyBustos,Singer
@PREEYAKALIDAS,Singer
@Matt9Duchene,Singer
@joancbaez,Singer
@rahulvaidya23,Singer
@NickiTaylor,Singer
@EvaNoblezada,Singer
@jamilawoods,Singer
@iAmShakka,Singer
@KreeshaTurner,Singer
@thandiswamazwai,Singer
@ItsMelanieAmaro,Singer
@KaurBmusic,Singer
@CaroleBSager,Singer
@bernardfowler,Singer
@ConnieTalbot,Singer
@BryOnTour,Singer
@christynockels,Singer
@jackremmington,Singer
@hibatawaji,Singer
@ChelceeGrimes,Singer
@Jonny_Wilkes,Singer
@ActressPatrice,Singer
@BrianWFoster,Singer
@aliciawitty,Singer
@RobertJohnDavi,Singer
@MariaHo,Singer
@amoore9,Singer
@JDonOfficial,Singer
@ArjunArtist,Singer
@LouiseRedknapp,Singer
@johnmellencamp,Singer
@DavidCampbell73,Singer
@anidifranco,Singer
@sosupersam,Singer
@AntoniqueSmith,Singer
@THEVIVIENNEUK,Singer
@CeCeFrey,Singer
@IAMQUVENZHANE,Singer
@erinvholland,Singer
@dianebirch,Singer
@TeddyDief,Singer
@TulsikumarTK,Singer
@LilEddie,Singer
@IceJJFish,Singer
@EllaAminuddin,Singer
@meganmace,Singer
@NinaSimoneMusic,Singer
@DarshanU,Singer
@aabramson,Singer
@TheRealSambora,Singer
@MeloraHardin,Singer
@palmerwilliamsj,Singer
@kittythefool,Singer
@sid_mahadevan,Singer
@StevenWilsonHQ,Singer
@mariedigby,Singer
@JJassiOfficial,Singer
@AngelMelly,Singer
@stacyfrancis,Singer
@AnthonyBGonzal,Singer
@CaissieLevy,Singer
@Zhavia,Singer
@_mandygonzalez,Singer
@BartMillard,Singer
@ShafqatAmanatA,Singer
@patinamiller,Singer
@MusicByKEM,Singer
@billwarddrums,Singer
@malukah,Singer
@ProfessorShyguy,Singer
@JordanSweeto,Singer
@EdenEspinosa,Singer
@bryanlanning,Singer
@PorschaColeman,Singer
@ChrisMaloney77,Singer
@jodeemessina,Singer
@BillyGilman,Singer
@shawnieora,Singer
@GaryLevox,Singer
@JillHennessy,Singer
@JudyKuhn1,Singer
@JermainJackman,Singer
@RileyGreenMusic,Singer
@SonuKakkar,Singer
@TheGeneralMH,Singer
@Kabomo,Singer
@miracleofsound,Singer
@ADTSinghSharma,Singer
@hayescarll,Singer
@CallahanMusic_,Singer
@lawrenceatl,Singer
@ghostpoet,Singer
@JManrara,Singer
@FRONZ1LLA,Singer
@thetracilords,Singer
@Misskihoro,Singer
@WadeBowen,Singer
@NolanColeen,Singer
@realaled,Singer
@skinskinny,Singer
@ItsJoseann,Singer
@SamCSmusic,Singer
@JenLedger,Singer
@arjun_kanungo,Singer
@CCHELSEAWWOLFE,Singer
@hildurness,Singer
@rajpandit17,Singer
@edawkins,Singer
@wonderwomanshel,Singer
@SabrinaBrite,Singer
@CavemanFilms,Singer
@GujiLorenzana,Singer
@michaelhsweet,Singer
@singersaindhavi,Singer
@anupjalota,Singer
@RogerMcGuinn,Singer
@MenenNithya,Singer
@AjionaAlexus,Singer
@howardjones,Singer
@nee_massey,Singer
@farhan_saeed,Singer
@anupsbhandari,Singer
@anaisabellesite,Singer
@VICE2K,Singer
@johngrantmusic,Singer
@TimTurnerMusic,Singer
@JordansBlog,Singer
@EricHutchinson,Singer
@daiyantrisha,Singer
@ShonaBM,Singer
@squideatsquid,Singer
@alicesmithmusic,Singer
@raghavsachar,Singer
@ToumaMusic,Singer
@MissScabbia,Singer
@RealDRothschild,Singer
@bankspaulbanks,Singer
@laChanze,Singer
@andrea_jeremiah,Singer
@johnpaulwhite,Singer
@katelynnacon,Singer
@VictoriaAtkin,Singer
@NikkiLeighxo,Singer
@IAmEricRoberson,Singer
@KatieOfficialUK,Singer
@Tiara_Thomas,Singer
@AmirTalai,Singer
@loudmouthmuch,Singer
@1MissPooja,Singer
@KAcom,Singer
@david_wilcock,Singer
@YaGirlDWoods,Singer
@johnlcooper,Singer
@johnondrasik,Singer
@HelenAnderz,Singer
@drstacigruber,Singer
@JimmyBurney,Singer
@DMurphyOfficial,Singer
@XtinaBianco1,Singer
@MariaConchita_A,Singer
@TaraSlone,Singer
@johnowenjones,Singer
@ASHRISER,Singer
@janson_chris,Singer
@KalisWorld,Singer
@officialnikkiy,Singer
@WonhoChung,Singer
@justinbriner,Singer
@keisha_buchanan,Singer
@AlexaGoddard,Singer
@Archanaapania,Singer
@pastorjnelson,Singer
@IzzyBizu,Singer
@jasonmanns,Singer
@scottsigler,Singer
@jenlion,Singer
@mauricekirya,Singer
@RameetSandhuu,Singer
@SteadmanArt,Singer
@_ClaireRichards,Singer
@Pearlie_mack,Singer
@DaniMozMusic,Singer
@TheLeeGreenwood,Singer
@JHartMusic,Singer
@MarvinJonesJr,Singer
@LukeKempner,Singer
@imKamaalKhan,Singer
@thebenforster,Singer
@abcstacia,Singer
@ArkoPravo19,Singer
@TheAustinPorter,Singer
@TylerJames777,Singer
@AlexisMateo79,Singer
@ambermark,Singer
@JoshBkelley,Singer
@donelljones96,Singer
@Kyesones1,Singer
@clairesweeney,Singer
@shrutipathak9,Singer
@LaurenGallaway,Singer
@DUANEALLEN,Singer
@ChaleyRose,Singer
@madmcferrin,Singer
@laurenchandler,Singer
@sashasublime,Singer
@Sam4TR,Singer
@boblorenz,Singer
@annemurray1,Singer
@will_roland,Singer
@elaine_paige,Singer
@SEP,Singer
@MilesDavisMoody,Singer
@IamImanOmari,Singer
@JohnnyRuffo,Singer
@keatonsimons,Singer
@NiecyOfficial,Singer
@emilycrockett,Singer
@ChesneyHawkes,Singer
@Irenentale,Singer
@whitneyavalon,Singer
@PeteLoeffler,Singer
@Aparnabala2,Singer
@RichardCheese,Singer
@demimckinney,Singer
M@,Singer
@NtokozoMbambo,Singer
@SuzanneShaw,Singer
@benadamsuk,Singer
@jakeworthington,Singer
@seantroversy,Singer
@RealTimBooth,Singer
@PastorMattHagee,Singer
@RachelShenton,Singer
@MattMcAndrew,Singer
@nirupamakotru,Singer
@Stormof69,Singer
@sjademusic,Singer
@krisalderson,Singer
@DaveSheinin,Singer
@SIEDAHGARRETT,Singer
@hperalejo,Singer
@justleon,Singer
@Mike_Batt,Singer
@RichOToole,Singer
@krisgarcia_cruz,Singer
@crystalbowersox,Singer
@alisanporter,Singer
@the1res,Singer
@sivaangi_k,Singer
@AzizNakash,Singer
@MarkWillsMusic,Singer
@Ponty100mph,Singer
@LexiCUnderwood,Singer
@imPelleK,Singer
@SandiPattyP,Singer
@AndrewPeterson,Singer
@ThePaulButcher,Singer
@elilieb,Singer
@philvassar,Singer
@Xolo_Mariduena,Singer
@LaytonWilliams,Singer
@brettdennen,Singer
@rajivdhall,Singer
@sharleenjoynt,Singer
@mindywhite,Singer
@racheladedeji,Singer
@Sharon_Corr,Singer
@thefabulouskjg,Singer
@kpattengale,Singer
@JMatthiasFord,Singer
@_AshleyDarby,Singer
@rebeccakcrews,Singer
@andyallo,Singer
@BethHart,Singer
@CarolynneUK,Singer
@nicholenordeman,Singer
@ArielleDombasle,Singer
@KeshiaChante,Singer
@SamanArbabi,Singer
@Shakerthis,Singer
@jasonmarvinph,Singer
@garethicke,Singer
@pbn,Singer
@caitlynsmith,Singer
@TheRealPhilX,Singer
@chuckfcknbilly,Singer
@sanjaysub,Singer
@sierrahull,Singer
@dsathyaprakash,Singer
@WilliamMatt22,Singer
@gabebondoc,Singer
@Brandoncolbein,Singer
@BonnieBellG,Singer
@pragathiguru,Singer
@martineofficial,Singer
@Clint_Black,Singer
@prernagupta,Singer
@jen_lilley,Singer
@alanfletcher,Singer
@bradders_david,Singer
@GrantLawrence,Singer
@paulsmithmusic,Singer
@DanielleBisutti,Singer
@wurdsmyth,Singer
@JamieWebster94,Singer
@VictoriaTheo,Singer
@AriannaDantone,Singer
@hridayg,Singer
@carmen_cusack,Singer
@abhijeetsawant5,Singer
@emmaswiftsings,Singer
@DannyCountKoker,Singer
@kelleighbannen,Singer
@ShakthisreeG,Singer
@cherylfergison1,Singer
@leemeadofficial,Singer
@Birdman_Bmd,Singer
@michaelxavierUK,Singer
@Pankajkudhas,Singer
@AREJAYHALE,Singer
@kevinmax,Singer
@roachkilla1,Singer
@Dan_Brocklebank,Singer
@jukiokallio,Singer
@jamessmithvocal,Singer
@GregMulholland1,Singer
@Jason_Upton,Singer
@alsilbs,Singer
@GarofaloWX,Singer
@zubeengarg1,Singer
@gw27,Singer
@Brent_Cobb,Singer
@Xandermusic,Singer
@RichwoodMuzik,Singer
@morganajames,Singer
@GabrielleUk,Singer
@SayconSengbloh,Singer
@forgetcape,Singer
@MargotBingham,Singer
@labisiffre,Singer
@ImCharlieHealy,Singer
@reggiesears,Singer
@dentmay,Singer
@Rita_SOfficial,Singer
@scarlettrabe,Singer
@EmiMeyer,Singer
@jimettarose,Singer
@Kodileerocks,Singer
@rvijayprakash,Singer
@terryfator,Singer
@itsShalmali,Singer
@SawyerFrdrx,Singer
@cdjmusic,Singer
@celebshowoff,Singer
@nitishwarKumar,Singer
@PriyaSaraiya,Singer
@WilliamCGreen,Singer
@TheFrankBello,Singer
@davidclowery,Singer
@BebeBuellBand,Singer
@meiko,Singer
@queen_v21,Singer
@kyle_park,Singer
@AntArtist89,Singer
@mikehoughmusic,Singer
@KSChithra,Singer
@jasoncmiller,Singer
@MoAnsar,Singer
@TherealCANDIACE,Singer
@PaulYoungParlez,Singer
@Lisa_Matassa,Singer
@RealSusanPeters,Singer
@Shirliekemp,Singer
@AkasaSing,Singer
@Lucas_Ludwig0,Singer
@Chita_Rivera,Singer
@JonathanYMusic,Singer
@Jelliofficial,Singer
@RissiPalmer,Singer
@cobhamsasuquo,Singer
@iamzafargohar,Singer
@brendan_m96,Singer
@MILCKMUSIC,Singer
@rilaccoco_,Singer
@EllapaigeMusic,Singer
@TomShanklin,Singer
@SeinaboSey,Singer
@SabrinaBryan,Singer
@AntonStephans,Singer
@JenniferJChung,Singer
@HeleneHorlyck,Singer
@missjuliebrown,Singer
@curtmega,Singer
@Gustav_Wood,Singer
@LuvbeingShanice,Singer
@Max_Kerman,Singer
@ElisaRockDoc,Singer
@illaj,Singer
@OfficialMiaRose,Singer
@erikaheidewald,Singer
@wschamberlain,Singer
@sajjad_official,Singer
@mikehalltexas,Singer
@rodtalks,Singer
@mandyharvey,Singer
@LeslieUggams,Singer
@actualmontaigne,Singer
@kellydrbrown,Singer
@BCJean,Singer
@Desmond_Mary,Singer
@fionabevan,Singer
@LeahWestMusic,Singer
@CarolZhao95,Singer
@DerekKingOnline,Singer
@Sandramccracken,Singer
@DJINEE,Singer
@whitneyduncan,Singer
@LanaMcKissack,Singer
@Nakia,Singer
@TrevorTBDM,Singer
@Jfla,Singer
@AdrianMarcel510,Singer
@tomlister,Singer
@lolaadesioye,Singer
@RachelAGoswell,Singer
@CharlieAngusNDP,Singer
@JeffreyAdamGutt,Singer
@DevinAI12,Singer
@YoungMusicGod,Singer
@GiaMantegna,Singer
@LisaMoorish,Singer
@GilMcKinney,Singer
@thekellymantle,Singer
@james_a_michael,Singer
@WeWantEbie,Singer
@livwarfield,Singer
@Anastasiamusic1,Singer
@RichardWisker4,Singer
@BrockJays,Singer
@lovelotssabrina,Singer
@MayraVeronica,Singer
@BonniePaulMusic,Singer
@Official_JES,Singer
@PaulJolleyMusic,Singer
@mikefinger,Singer
@AndyDayTV,Singer
@AndyMerry_,Singer
@MarciRobin,Singer
@BABBALRAI9,Singer
@LexGillette,Singer
@jeffscottsoto,Singer
@dawnn_lewis,Singer
@richa_singh,Singer
@benroy00,Singer
@sethanikeem,Singer
@ririnel,Singer
@iamnatho,Singer
@SirushoOfficial,Singer
@StacyLattisaw,Singer
@AylaBrown,Singer
@KevinTWL,Singer
@DJMortyCoyle,Singer
@SebastianKole,Singer
@karlamosley,Singer
@damiandmusic,Singer
@chaseforever,Singer
@Laurawhiteoffic,Singer
@abrinamusic,Singer
@PhilipBaileyEWF,Singer
@TdoubleB,Singer
@SIYA,Singer
@LarryGatlin,Singer
@KarenTheSiren,Singer
@CaroleeCarmello,Singer
@mrfire,Singer
@TristanMaxted,Singer
@KandaceSprings,Singer
@LouiseDearman,Singer
@EddieArgos,Singer
@ColineCreuzot,Singer
@ChloeAgnew,Singer
@nickibluhm,Singer
@WilliamDuvall,Singer
@SheilaDFerguson,Singer
@StephenEPearcy,Singer
@CristyQuinones,Singer
@BriBurkheiser,Singer
@AlCalderon2,Singer
@MalinaMoye,Singer
@ZacAAuthors,Singer
@IamRobertBailey,Singer
@itsjackiefoster,Singer
@funkrockster,Singer
@mrmarcelspears,Singer
@janebadler,Singer
@AnthonyAmorim,Singer
@DanAshleyABC7,Singer
@SarahDanielsTV,Singer
@stephenclark,Singer
@lukewademusic,Singer
@amitashpradhan,Singer
@LisaRieffel,Singer
@thechrisbarron,Singer
@emilieautumn,Singer
@MatthewCBurton,Singer
@derrick_green,Singer
@JoshDanielUK,Singer
@Juniortcampbell,Singer
@RDEliason,Singer
@nikkibagaporo,Singer
@ariannaafsar,Singer
@AntAFP,Singer
@JonathanVigil,Singer
@RickieLeeJones,Singer
@ZainBhikha,Singer
@JericMedina,Singer
@JasonDanieley,Singer
@Xenia,Singer
@ChesterGregory,Singer
@JermzCrawford,Singer
@itshaileyreese,Singer
@IAmDanaWilliams,Singer
@apangelo,Singer
@tomandrewsmusic,Singer
@reignedwards,Singer
@itshelenpaul,Singer
@iamrationale,Singer
@thedivasushant,Singer
@blakeisenglish,Singer
@ryandolanmusic,Singer
@BrianJustinCrum,Singer
@katietorwalt,Singer
@jasonbroccoli,Singer
@vesperteen,Singer
@rhodesmusic,Singer
@JosephDevries,Singer
@SarahSimMusic,Singer
@BradKavanagh,Singer
@Thiwe,Singer
@lisajstansfield,Singer